Date,Ad Breaks (Minutes),Ad Time (Seconds) Per Hour,Average Viewers,Chat Messages,Chatters,Clip Views,Clips Created,Follows,Hosts and Raids Viewers (%),Live Views,Max Viewers,Minutes Watched,Minutes Streamed,Unique Viewers,Sub Revenue,Prime Revenue,Gifted Subs Revenue,Bits Revenue,Ad Revenue,Game Sales Revenue,Extensions Revenue,Bounties Revenue,Prime Subs,Total Paid Subs,Tier 1 subs,Tier 2 subs,Tier 3 subs,Total Gifted Subs,Gifted Tier 1 subs
Sun Jun 23 2019,0,0,1.63,27,2,0,0,2,0,10,3,156,97,4,0,0,0,0,0,0,0,0,0,0,0,0,0,0,0
Mon Jun 24 2019,0,0,0.73,25,2,0,0,0,0,6,2,49,68,3,0,0,0,0,0,0,0,0,0,0,0,0,0,0,0
Tue Jun 25 2019,0,0,0,0,0,0,0,0,0,0,0,0,0,0,0,0,0,0,0,0,0,0,0,0,0,0,0,0,0
Wed Jun 26 2019,0,0,0.64,9,2,0,0,2,0,3,3,41,65,3,0,0,0,0,0,0,0,0,0,0,0,0,0,0,0
Thu Jun 27 2019,0,0,2.67,37,3,0,0,0,0,10,5,320,121,7,0,0,0,0,0,0,0,0,0,0,0,0,0,0,0
Fri Jun 28 2019,0,0,0,0,0,0,0,0,0,0,0,0,0,0,0,0,0,0,0,0,0,0,0,0,0,0,0,0,0
Sat Jun 29 2019,0,0,0,0,0,0,2,0,0,0,0,0,0,0,0,0,0,0,0,0,0,0,0,0,0,0,0,0,0
Sun Jun 30 2019,0,0,1,191,5,1,0,1,0,15,3,230,232,11,0,0,0,0,0,0,0,0,0,0,0,0,0,0,0
Mon Jul 01 2019,0,0,2.55,109,4,0,0,1,0,15,6,433,173,10,0,0,0,0,0,0,0,0,0,0,0,0,0,0,0
Tue Jul 02 2019,0,0,0,0,0,0,0,0,0,0,0,0,0,0,0,0,0,0,0,0,0,0,0,0,0,0,0,0,0
Wed Jul 03 2019,0,0,2.54,108,4,0,0,1,0,9,7,383,153,7,0,0,0,0,0,0,0,0,0,0,0,0,0,0,0
Thu Jul 04 2019,0,0,0,0,0,0,0,0,0,0,0,0,0,0,0,0,0,0,0,0,0,0,0,0,0,0,0,0,0
Fri Jul 05 2019,0,0,0,0,0,0,0,0,0,0,0,0,0,0,0,0,0,0,0,0,0,0,0,0,0,0,0,0,0
Sat Jul 06 2019,0,0,1.34,112,5,0,0,0,0,12,3,242,183,9,0,0,0,0,0,0,0,0,0,0,0,0,0,0,0
Sun Jul 07 2019,0,0,0.97,235,9,0,0,4,0,24,3,337,349,21,0,0,0,0,0,0,0,0,0,0,0,0,0,0,0
Mon Jul 08 2019,0,0,1.23,158,5,0,0,0,0,15,3,190,154,12,0,0,0,0,0,0,0,0,0,0,0,0,0,0,0
Tue Jul 09 2019,0,0,0,0,0,0,0,0,0,0,0,0,0,0,0,0,0,0,0,0,0,0,0,0,0,0,0,0,0
Wed Jul 10 2019,0,0,0.83,66,4,0,0,0,0,15,3,147,177,9,0,0,0,0,0,0,0,0,0,0,0,0,0,0,0
Thu Jul 11 2019,0,0,0,0,0,0,0,2,0,0,0,0,0,0,0,0,0,0,0,0,0,0,0,0,0,0,0,0,0
Fri Jul 12 2019,0,0,2.2,354,9,0,1,5,0,21,6,469,206,17,0,0,0,0,0,0,0,0,0,0,0,0,0,0,0
Sat Jul 13 2019,0,0,0,0,0,0,0,0,0,0,0,0,0,0,0,0,0,0,0,0,0,0,0,0,0,0,0,0,0
Sun Jul 14 2019,0,0,4.12,300,11,0,0,8,0,24,10,829,201,20,0,0,0,0,0,0,0,0,0,0,0,0,0,0,0
Mon Jul 15 2019,0,0,3.63,424,10,0,0,0,0,28,7,723,200,21,0,0,0,0,0,0,0,0,0,0,0,0,0,0,0
Tue Jul 16 2019,0,0,0,0,0,0,0,0,0,0,0,0,0,0,0,0,0,0,0,0,0,0,0,0,0,0,0,0,0
Wed Jul 17 2019,0,0,2.34,331,7,0,0,2,0,36,6,486,210,18,0,0,0,0,0,0,0,0,0,0,0,0,0,0,0
Thu Jul 18 2019,0,0,0,0,0,0,0,0,0,0,0,0,0,0,0,0,0,0,0,0,0,0,0,0,0,0,0,0,0
Fri Jul 19 2019,0,0,0,0,0,0,0,0,0,0,0,0,0,0,0,0,0,0,0,0,0,0,0,0,0,0,0,0,0
Sat Jul 20 2019,0,0,0,0,0,0,0,0,0,0,0,0,0,0,0,0,0,0,0,0,0,0,0,0,0,0,0,0,0
Sun Jul 21 2019,0,0,0,0,0,0,0,0,0,0,0,0,0,0,0,0,0,0,0,0,0,0,0,0,0,0,0,0,0
Mon Jul 22 2019,0,0,0,0,0,0,0,0,0,0,0,0,0,0,0,0,0,0,0,0,0,0,0,0,0,0,0,0,0
Tue Jul 23 2019,0,0,0,0,0,0,0,0,0,0,0,0,0,0,0,0,0,0,0,0,0,0,0,0,0,0,0,0,0
Wed Jul 24 2019,0,0,0,0,0,0,0,0,0,0,0,0,0,0,0,0,0,0,0,0,0,0,0,0,0,0,0,0,0
Thu Jul 25 2019,0,0,0,0,0,0,0,0,0,0,0,0,0,0,0,0,0,0,0,0,0,0,0,0,0,0,0,0,0
Fri Jul 26 2019,0,0,0,0,0,0,0,0,0,0,0,0,0,0,0,0,0,0,0,0,0,0,0,0,0,0,0,0,0
Sat Jul 27 2019,0,0,0,0,0,0,0,0,0,0,0,0,0,0,0,0,0,0,0,0,0,0,0,0,0,0,0,0,0
Sun Jul 28 2019,0,0,0,0,0,0,0,0,0,0,0,0,0,0,0,0,0,0,0,0,0,0,0,0,0,0,0,0,0
Mon Jul 29 2019,0,0,3.06,99,8,0,0,2,0,27,7,575,189,23,0,0,0,0,0,0,0,0,0,0,0,0,0,0,0
Tue Jul 30 2019,0,0,0,0,0,0,0,1,0,0,0,0,0,0,0,0,0,0,0,0,0,0,0,0,0,0,0,0,0
Wed Jul 31 2019,0,0,4.05,283,10,0,0,1,0,38,9,746,186,28,0,0,0,0,0,0,0,0,0,0,0,0,0,0,0
Thu Aug 01 2019,0,0,0,3,1,0,0,0,0,0,0,0,0,0,0,0,0,0,0,0,0,0,0,0,0,0,0,0,0
Fri Aug 02 2019,0,0,4.61,174,7,0,0,1,0,30,9,982,213,23,0,0,0,0,0,0,0,0,0,0,0,0,0,0,0
Sat Aug 03 2019,0,0,0,1,1,1,0,0,0,0,0,0,0,0,0,0,0,0,0,0,0,0,0,0,0,0,0,0,0
Sun Aug 04 2019,0,0,3.41,238,9,0,0,1,23.65,25,12,685,203,15,0,0,0,0,0,0,0,0,0,0,0,0,0,0,0
Mon Aug 05 2019,0,0,4.43,246,6,0,0,0,1.47,23,9,815,185,11,0,0,0,0,0,0,0,0,0,0,0,0,0,0,0
Tue Aug 06 2019,0,0,0,0,0,0,0,0,0,0,0,0,0,0,0,0,0,0,0,0,0,0,0,0,0,0,0,0,0
Wed Aug 07 2019,0,0,7.55,489,13,1,1,2,13.43,37,11,1608,213,22,0,0,0,0,0,0,0,0,0,0,0,0,0,0,0
Thu Aug 08 2019,0,0,0,0,0,0,0,0,0,0,0,0,0,0,0,0,0,0,0,0,0,0,0,0,0,0,0,0,0
Fri Aug 09 2019,0,0,0,0,0,0,0,0,0,0,0,0,0,0,0,0,0,0,0,0,0,0,0,0,0,0,0,0,0
Sat Aug 10 2019,0,0,6.44,611,10,0,0,4,4.12,73,12,1578,246,44,0,0,0,0,0,0,0,0,0,0,0,0,0,0,0
Sun Aug 11 2019,0,0,3.48,361,7,0,0,1,0.29,27,7,685,199,18,0,0,0,0,0,0,0,0,0,0,0,0,0,0,0
Mon Aug 12 2019,0,0,2.29,70,8,0,0,2,0.47,15,5,426,188,10,0,0,0,0,0,0,0,0,0,0,0,0,0,0,0
Tue Aug 13 2019,0,0,0,0,0,0,0,0,0,0,0,0,0,0,0,0,0,0,0,0,0,0,0,0,0,0,0,0,0
Wed Aug 14 2019,0,0,5.19,522,10,2,1,2,0,34,9,970,187,22,0,0,0,0,0,0,0,0,0,0,0,0,0,0,0
Thu Aug 15 2019,0,0,3.32,299,10,1,0,6,0,32,8,617,187,23,0,0,0,0,0,0,0,0,0,0,0,0,0,0,0
Fri Aug 16 2019,0,0,0,0,0,0,0,0,0,0,0,0,0,0,0,0,0,0,0,0,0,0,0,0,0,0,0,0,0
Sat Aug 17 2019,0,0,0,0,0,0,0,2,0,0,0,0,0,0,0,0,0,0,0,0,0,0,0,0,0,0,0,0,0
Sun Aug 18 2019,0,0,3.43,171,7,0,0,2,6.71,28,6,611,180,22,0,0,0,0,0,0,0,0,0,0,0,0,0,0,0
Mon Aug 19 2019,0,0,3.72,276,9,1,1,1,0,24,9,621,168,15,0,0,0,0,0,0,0,0,0,0,0,0,0,0,0
Tue Aug 20 2019,0,0,0,0,0,4,1,7,0,0,0,0,0,0,0,0,0,0,0,0,0,0,0,0,0,0,0,0,0
Wed Aug 21 2019,0,0,3.17,279,9,0,0,1,0,19,7,511,163,12,4.42,0,0,1.1,0,0,0,0,0,2,2,0,0,0,0
Thu Aug 22 2019,0,0,2.99,183,12,1,1,4,0.39,32,7,509,170,16,0,0,0,0.49,0,0,0,0,0,0,0,0,0,0,0
Fri Aug 23 2019,0,0,0,0,0,0,0,0,0,0,0,0,0,0,0,0,0,0,0,0,0,0,0,0,0,0,0,0,0
Sat Aug 24 2019,0,0,6.21,703,24,1,4,9,0,69,15,1478,239,47,0,0,0,0.96,0,0,0,0,0,0,0,0,0,0,0
Sun Aug 25 2019,0,0,9.36,109,7,4,0,3,0,11,13,599,64,9,0,0,0,0,0,0,0,0,0,0,0,0,0,0,0
Mon Aug 26 2019,0,0,3.71,195,9,0,0,3,1.58,36,8,568,153,19,0,0,0,0,0,0,0,0,0,0,0,0,0,0,0
Tue Aug 27 2019,0,0,0,0,0,0,0,4,0,0,0,0,0,0,0,0,0,0,0,0,0,0,0,0,0,0,0,0,0
Wed Aug 28 2019,0,0,9.49,385,30,0,0,15,0,84,26,1509,159,54,0,0,0,8.03,0,0,0,0,0,0,0,0,0,0,0
Thu Aug 29 2019,0,0,7.65,331,24,0,0,16,6.96,88,20,1178,155,48,0,0,0,3.15,0,0,0,0,0,0,0,0,0,0,0
Fri Aug 30 2019,0,0,0,0,0,0,0,1,0,0,0,0,0,0,0,0,0,0,0,0,0,0,0,0,0,0,0,0,0
Sat Aug 31 2019,0,0,8.2,487,18,0,2,8,31.26,72,15,1846,225,47,0,0,0,2,0,0,0,0,0,0,0,0,0,0,0
Sun Sep 01 2019,0,0,0,0,0,0,0,2,0,0,0,0,0,0,0,0,0,0,0,0,0,0,0,0,0,0,0,0,0
Mon Sep 02 2019,0,0,3.06,125,11,0,0,5,0,17,6,496,161,14,0,2.495,0,0,0,0,0,0,1,0,0,0,0,0,0
Tue Sep 03 2019,0,0,0,0,0,0,0,1,0,0,0,0,0,0,0,0,0,0,0,0,0,0,0,0,0,0,0,0,0
Wed Sep 04 2019,0,0,10.63,525,24,13,6,7,2.37,64,17,1563,149,40,9.61,2.495,0,1.96,0,0,0,0,1,4,4,0,0,0,0
Thu Sep 05 2019,0,0,0,0,0,0,0,0,0,0,0,0,0,0,0,0,0,0,0,0,0,0,0,0,0,0,0,0,0
Fri Sep 06 2019,0,0,0,0,0,0,0,0,0,0,0,0,0,0,0,0,0,0,0,0,0,0,0,0,0,0,0,0,0
Sat Sep 07 2019,0,0,4.59,154,17,3,2,8,0,61,12,849,187,51,0,2.495,0,0.13,0,0,0,0,1,0,0,0,0,0,0
Sun Sep 08 2019,0,0,0,4,1,3,0,4,0,0,0,0,0,0,0,0,0,0,0,0,0,0,0,0,0,0,0,0,0
Mon Sep 09 2019,0,0,10.56,698,34,20,9,17,0.68,70,22,1764,168,44,2.305,0,0,5.27,0,0,0,0,0,1,1,0,0,0,0
Tue Sep 10 2019,0,0,0,1,1,21,3,1,0,0,0,0,0,0,0,0,0,0,0,0,0,0,0,0,0,0,0,0,0
Wed Sep 11 2019,0,0,4.29,98,12,3,0,4,0.54,24,9,553,129,15,0,0,0,0,0,0,0,0,0,0,0,0,0,0,0
Thu Sep 12 2019,0,0,9.05,370,28,3,0,9,15.1,77,24,1530,168,46,4.975,0,0,0,0,0,0,0,0,2,2,0,0,0,0
Fri Sep 13 2019,0,0,7.07,328,22,3,2,5,0.19,61,14,1054,151,40,2.66,0,0,0.11,0,0,0,0,0,1,1,0,0,0,0
Sat Sep 14 2019,0,0,0,2,1,8,0,2,0,0,0,0,0,0,0,0,0,0,0,0,0,0,0,0,0,0,0,0,0
Sun Sep 15 2019,0,0,0,1,1,6,0,1,0,0,0,0,0,0,0,0,0,0,0,0,0,0,0,0,0,0,0,0,0
Mon Sep 16 2019,0,0,10.19,382,27,4,0,3,2.41,80,23,1783,176,55,0,0,0,0.92,0,0,0,0,0,0,0,0,0,0,0
Tue Sep 17 2019,0,0,0,0,0,0,0,0,0,0,0,0,0,0,0,0,0,0,0,0,0,0,0,0,0,0,0,0,0
Wed Sep 18 2019,0,0,8.08,379,15,2,0,1,10.45,43,11,1301,162,31,7.275,0,0,0,0,0,0,0,0,3,3,0,0,0,0
Thu Sep 19 2019,0,0,5.73,500,16,2,1,2,0.09,35,10,1089,191,22,0,0,2.365,4.43,0,0,0,0,0,0,0,0,0,1,1
Fri Sep 20 2019,0,0,4.85,602,13,0,0,2,11.44,49,11,839,175,24,4.68,0,0,0,0,0,0,0,0,2,2,0,0,0,0
Sat Sep 21 2019,0,0,0,1,1,1,0,1,0,0,0,0,0,0,0,0,0,0,0,0,0,0,0,0,0,0,0,0,0
Sun Sep 22 2019,0,0,2.23,183,11,3,0,1,0,22,5,471,212,16,0,0,0,0,0,0,0,0,0,0,0,0,0,0,0
Mon Sep 23 2019,0,0,0,0,0,0,0,0,0,0,0,0,0,0,0,0,0,0,0,0,0,0,0,0,0,0,0,0,0
Tue Sep 24 2019,0,0,17.25,448,30,3,0,9,51.33,120,85,2673,157,93,0,0,0,0.11,0,0,0,0,0,0,0,0,0,0,0
Wed Sep 25 2019,0,0,4.19,294,23,2,0,1,7.69,45,18,741,178,32,0,0,0,0,0,0,0,0,0,0,0,0,0,0,0
Thu Sep 26 2019,0,0,7.48,390,13,14,3,2,0.58,36,11,1211,163,25,2.015,0,0,0.05,0,0,0,0,0,1,1,0,0,0,0
Fri Sep 27 2019,0,0,3.74,394,14,15,2,1,0.73,36,11,546,147,23,0,0,0,6.4,0,0,0,0,0,0,0,0,0,0,0
Sat Sep 28 2019,0,0,0,1,1,9,0,1,0,0,0,0,0,0,0,0,0,0,0,0,0,0,0,0,0,0,0,0,0
Sun Sep 29 2019,0,0,6.41,669,28,6,0,7,19.88,65,15,1167,183,45,0,0,0,1.01,0,0,0,0,0,0,0,0,0,0,0
Mon Sep 30 2019,0,0,7.61,267,18,1,1,3,6.57,50,13,1217,160,38,0,0,0,0,0,0,0,0,0,0,0,0,0,0,0
Tue Oct 01 2019,0,0,0,1,1,0,0,1,0,0,0,0,0,0,0,0,0,0,0,0,0,0,0,0,0,0,0,0,0
Wed Oct 02 2019,0,0,10.21,284,15,1,0,0,36.02,77,54,1552,152,66,0,0,0,1.5,0,0,0,0,0,0,0,0,0,0,0
Thu Oct 03 2019,0,0,0,0,0,0,0,0,0,0,0,0,0,0,0,0,0,0,0,0,0,0,0,0,0,0,0,0,0
Fri Oct 04 2019,0,0,4.72,314,13,10,5,3,0,28,8,756,162,19,2.32,0,2.59,0,0,0,0,0,0,1,1,0,0,1,1
Sat Oct 05 2019,0,0,8.2,592,24,5,7,4,22.86,74,20,1492,183,37,0,0,0,0.02,0,0,0,0,0,0,0,0,0,0,0
Sun Oct 06 2019,0,0,5.67,263,13,7,0,4,9.61,44,10,1020,184,30,2.27,0,4.37,0,0,0,0,0,0,1,1,0,0,2,2
Mon Oct 07 2019,0,0,4.38,227,17,5,2,1,9.2,38,9,674,155,30,0,0,0,0,0.0315,0,0,0,0,0,0,0,0,0,0
Tue Oct 08 2019,0,0,0,0,0,2,0,0,0,0,0,0,0,0,0,0,0,0,0,0,0,0,0,0,0,0,0,0,0
Wed Oct 09 2019,1,19.15,5.19,268,14,19,0,2,0.31,37,9,981,188,27,0,0,0,0,0.0735,0,0,0,0,0,0,0,0,0,0
Thu Oct 10 2019,0,0,0,0,0,3,0,0,0,0,0,0,0,0,0,0,0,0,0,0,0,0,0,0,0,0,0,0,0
Fri Oct 11 2019,0,0,5.02,451,20,3,1,5,3.13,60,11,1055,210,41,0,2.495,0,0,0.0455,0,0,0,1,0,0,0,0,0,0
Sat Oct 12 2019,0,0,3.9,266,13,1,0,1,9.54,40,15,807,208,31,2.375,0,0,0,0.021,0,0,0,0,1,1,0,0,0,0
Sun Oct 13 2019,1,13.9,5.08,388,15,2,2,5,3.12,56,10,1316,259,39,2.36,0,0,0,0.055999999999999994,0,0,0,0,1,1,0,0,0,0
Mon Oct 14 2019,0,0,7.98,307,17,0,0,0,20.04,47,13,1532,192,37,1.885,0,0,0,0.021,0,0,0,0,1,1,0,0,0,0
Tue Oct 15 2019,0,0,0,0,0,1,0,0,0,0,0,0,0,0,0,0,0,0,0.0034999999999999996,0,0,0,0,0,0,0,0,0,0
Wed Oct 16 2019,0,0,6.66,175,8,2,0,3,0.75,32,11,1193,180,22,0,2.495,0,0,0.013999999999999999,0,0,0,1,0,0,0,0,0,0
Thu Oct 17 2019,0,0,5.6,217,12,0,0,0,0.18,29,9,1136,202,24,0,0,0,0.49,0.0175,0,0,0,0,0,0,0,0,0,0
Fri Oct 18 2019,0,0,7.07,331,13,0,1,1,2.62,49,12,1336,191,33,4.755,2.495,0,0,0.035,0,5.2,0,1,2,2,0,0,0,0
Sat Oct 19 2019,0,0,0,1,1,0,0,0,0,1,0,0,0,1,0,0,0,0,0,0,0,0,0,0,0,0,0,0,0
Sun Oct 20 2019,0,0,11.38,568,22,0,1,5,7.34,87,16,2834,249,62,4.61,0,0,0,0.091,0,0,0,0,2,2,0,0,0,0
Mon Oct 21 2019,0,0,4.29,179,13,1,1,0,0,32,10,630,147,20,0,0,0,0,0.013999999999999999,0,0,0,0,0,0,0,0,0,0
Tue Oct 22 2019,0,0,0,20,3,1,0,2,0,2,0,0,0,2,0,0,0,0,0.035,0,0,0,0,0,0,0,0,0,0
Wed Oct 23 2019,0,0,3.13,173,8,0,0,1,0,17,6,385,124,13,0,0,0,0,0.021,0,0,0,0,0,0,0,0,0,0
Thu Oct 24 2019,0,0,0,0,0,0,0,0,0,0,0,0,0,0,0,0,0,0,0,0,0,0,0,0,0,0,0,0,0
Fri Oct 25 2019,0,0,5.33,695,11,0,0,0,1.83,50,12,1145,216,28,0,0,0,0,0.027999999999999997,0,0,0,0,0,0,0,0,0,0
Sat Oct 26 2019,0,0,0,0,0,0,0,1,0,1,0,0,0,1,2.045,0,0,0,0,0,0,0,0,1,1,0,0,0,0
Sun Oct 27 2019,0,0,6.36,607,21,0,0,5,0.34,78,13,2066,325,52,0,0,0,5,0.0735,0,0,0,0,0,0,0,0,0,0
Mon Oct 28 2019,0,0,6.04,285,14,0,0,1,0,38,12,1003,166,28,0,0,0,0,0.013999999999999999,0,0,0,0,0,0,0,0,0,0
Tue Oct 29 2019,0,0,0,0,0,0,0,0,0,0,0,0,0,0,0,0,0,0,0.0034999999999999996,0,0,0,0,0,0,0,0,0,0
Wed Oct 30 2019,0,0,4.92,122,12,1,0,0,0.28,28,9,723,148,18,0,0,0,0,0.013999999999999999,0,0,0,0,0,0,0,0,0,0
Thu Oct 31 2019,0,0,4.84,217,13,0,2,2,4.61,38,9,716,149,26,0,0,2.33,0,0.055999999999999994,0,0.8,0,0,0,0,0,0,1,1
Fri Nov 01 2019,0,0,0,0,0,0,0,1,0,2,0,0,0,2,0,0,0,0,0,0,0,0,0,0,0,0,0,0,0
Sat Nov 02 2019,0,0,0,0,0,0,0,0,0,3,0,0,0,2,0,0,0,0,0,0,0,0,0,0,0,0,0,0,0
Sun Nov 03 2019,0,0,6.4,373,18,0,1,1,5.32,41,10,1241,199,30,0,0,0,1,0.0315,0,0.8,0,0,0,0,0,0,0,0
Mon Nov 04 2019,0,0,2.88,226,12,1,1,0,0,19,6,481,170,19,2.32,0,0,0,0.021,0,0,0,0,1,1,0,0,0,0
Tue Nov 05 2019,0,0,0,0,0,0,0,1,0,0,0,0,0,0,0,0,0,0,0,0,0,0,0,0,0,0,0,0,0
Wed Nov 06 2019,0,0,6.89,305,14,0,0,2,0.07,35,12,1372,200,25,2.38,0,0,0.25,0.027999999999999997,0,0,0,0,1,1,0,0,0,0
Thu Nov 07 2019,0,0,0,0,0,0,0,1,0,0,0,0,0,0,0,0,0,0,0,0,0,0,0,0,0,0,0,0,0
Fri Nov 08 2019,0,0,4.49,287,14,1,1,4,1.06,43,8,758,170,25,0,2.495,0,0,0.07,0,2,0,1,0,0,0,0,0,0
Sat Nov 09 2019,0,0,0,0,0,2,0,0,0,0,0,0,0,0,0,0,0,0,0.0034999999999999996,0,0,0,0,0,0,0,0,0,0
Sun Nov 10 2019,0,0,6.54,724,26,0,0,2,0.79,107,16,2020,312,77,2.09,0,4.2,1.8,0.0805,0,0,0,0,1,1,0,0,2,2
Mon Nov 11 2019,0,0,6.24,419,12,0,0,2,0,39,10,1167,189,27,4.695,0,0,0.5,0.0385,0,0,0,0,2,2,0,0,0,0
Tue Nov 12 2019,0,0,0,0,0,0,0,0,0,0,0,0,0,0,0,0,0,0,0,0,0,0,0,0,0,0,0,0,0
Wed Nov 13 2019,0,0,6.15,339,14,2,2,2,0,38,11,1070,175,26,2.395,0,0,0.8,0.0315,0,0,0,0,1,1,0,0,0,0
Thu Nov 14 2019,0,0,0,0,0,0,0,1,0,0,0,0,0,0,0,0,0,0,0,0,0,0,0,0,0,0,0,0,0
Fri Nov 15 2019,0,0,4.56,241,14,0,3,1,0,37,9,848,187,22,0,0,2.33,1.25,0.0105,0,2.4,0,0,0,0,0,0,1,1
Sat Nov 16 2019,0,0,0,0,0,0,0,0,0,0,0,0,0,0,0,0,0,0,0,0,0,0,0,0,0,0,0,0,0
Sun Nov 17 2019,0,0,7.47,804,26,0,0,6,0,64,11,1360,183,38,0,0,2.415,1.25,0.035,0,0,0,0,0,0,0,0,1,1
Mon Nov 18 2019,0,0,6,191,11,0,0,1,0,25,10,816,137,22,2.32,0,0,1,0.013999999999999999,0,0,0,0,1,1,0,0,0,0
Tue Nov 19 2019,0,0,0,0,0,0,0,1,0,0,0,0,0,0,0,0,0,0,0,0,0,0,0,0,0,0,0,0,0
Wed Nov 20 2019,0,0,4.69,124,8,0,0,1,0.14,23,8,703,152,17,2.295,0,0,0.4,0.006999999999999999,0,0,0,0,1,1,0,0,0,0
Thu Nov 21 2019,0,0,0,0,0,0,0,0,0,0,0,0,0,0,0,0,0,0,0,0,0,0,0,0,0,0,0,0,0
Fri Nov 22 2019,0,0,4.46,216,14,0,1,1,0,40,9,878,198,29,0,0,0,0,0.0315,0,0.4,0,0,0,0,0,0,0,0
Sat Nov 23 2019,0,0,5.78,251,11,0,0,0,0.36,58,10,1386,240,31,0,0,0,4.65,0.0245,0,0,0,0,0,0,0,0,0,0
Sun Nov 24 2019,0,0,6.11,305,20,0,0,7,0.08,102,11,1276,214,54,0,0,2.1,1,0.098,0,0,0,0,0,0,0,0,1,1
Mon Nov 25 2019,0,0,5.2,150,9,0,1,0,0,25,8,837,162,17,0,0,0,0,0.013999999999999999,0,0,0,0,0,0,0,0,0,0
Tue Nov 26 2019,0,0,0,0,0,0,0,0,0,0,0,0,0,0,2.035,0,0,0,0,0,0,0,0,1,1,0,0,0,0
Wed Nov 27 2019,0,0,5.97,304,11,0,0,7,3.21,58,12,1247,217,37,0,0,4.425,0,0.0455,0,0,0,0,0,0,0,0,2,2
Thu Nov 28 2019,0,0,0,0,0,1,0,0,0,1,0,0,0,1,0,0,0,0,0,0,0,0,0,0,0,0,0,0,0
Fri Nov 29 2019,0,0,9.55,347,17,0,0,5,0,75,14,1938,204,45,0,0,0,0,0.0525,0,0,0,0,0,0,0,0,0,0
Sat Nov 30 2019,0,0,7.38,330,22,0,0,6,4.63,86,15,1727,235,44,0,0,0,0,0.0805,0,0,0,0,0,0,0,0,0,0
Sun Dec 01 2019,0,0,6.9,311,20,1,0,4,1.03,62,16,1552,226,47,0,0,0,0,0.09449999999999999,0,0,0,0,0,0,0,0,0,0
Mon Dec 02 2019,0,0,10.75,360,21,0,0,1,5.6,65,17,2375,222,43,0,0,0,0,0.07,0,0,0,0,0,0,0,0,0,0
Tue Dec 03 2019,0,0,0,156,4,0,0,2,0,3,0,0,0,3,0,0,0,0,0,0,0,0,0,0,0,0,0,0,0
Wed Dec 04 2019,0,0,6.37,494,16,0,0,2,0,70,13,1478,234,41,0,0,0,0,0.0175,0,0,0,0,0,0,0,0,0,0
Thu Dec 05 2019,0,0,0,0,0,0,0,0,0,0,0,0,0,0,0,0,0,0,0,0,0,0,0,0,0,0,0,0,0
Fri Dec 06 2019,0,0,7.69,506,14,0,0,1,0.06,48,16,1654,216,31,0,0,0,0,0.035,0,0,0,0,0,0,0,0,0,0
Sat Dec 07 2019,0,0,0,0,0,0,0,1,0,0,0,0,0,0,0,0,0,0,0,0,0,0,0,0,0,0,0,0,0
Sun Dec 08 2019,0,0,4.69,277,15,0,0,2,0,42,11,906,194,35,2.27,0,0,0,0.042,0,0,0,0,1,1,0,0,0,0
Mon Dec 09 2019,0,0,5.97,328,13,0,0,5,0,45,11,997,168,22,2.32,0,2.1,1,0.021,0,0,0,0,1,1,0,0,1,1
Tue Dec 10 2019,0,0,0,2,2,0,0,0,0,0,0,0,0,0,2.1,0,2.075,0,0,0,0,0,0,1,1,0,0,1,1
Wed Dec 11 2019,0,0,10.21,457,19,0,1,4,4.68,75,19,1837,180,48,2.38,0,4.66,5,0.0735,0,0,0,0,1,1,0,0,2,2
Thu Dec 12 2019,0,0,0,1,1,0,0,1,0,0,0,0,0,0,0,0,0,0,0.006999999999999999,0,0,0,0,0,0,0,0,0,0
Fri Dec 13 2019,0,0,9.03,648,21,0,0,4,1.94,114,18,2168,241,64,2.485,0,0,1.17,0.0875,0,0,0,0,1,1,0,0,0,0
Sat Dec 14 2019,0,0,11,28,5,0,0,0,0,4,14,187,17,4,0,0,0,0,0,0,0,0,0,0,0,0,0,0,0
Sun Dec 15 2019,0,0,5.95,583,16,0,0,2,0.08,62,12,1238,208,40,2.485,0,43.075,55,0.0385,0,0,0,0,1,1,0,0,18,18
Mon Dec 16 2019,0,0,12.51,675,20,2,15,2,11.73,99,20,1952,157,59,0,0,0,0,0.055999999999999994,0,0,0,0,0,0,0,0,0,0
Tue Dec 17 2019,0,0,0,0,0,9,0,1,0,0,0,0,0,0,0,0,0,0,0,0,0,0,0,0,0,0,0,0,0
Wed Dec 18 2019,0,0,0,1,1,1,0,0,0,2,0,0,0,1,2.32,0,0,0,0,0,0,0,0,1,1,0,0,0,0
Thu Dec 19 2019,0,0,0,0,0,0,0,1,0,0,0,0,0,0,0,0,0,0,0,0,0,0,0,0,0,0,0,0,0
Fri Dec 20 2019,0,0,7.74,550,17,0,0,0,0,68,14,1857,241,44,2.295,0,2.39,5,0.049,0,0,0,0,1,1,0,0,1,1
Sat Dec 21 2019,0,0,9,28,8,0,0,1,0,4,11,54,6,2,0,0,0,0,0,0,0,0,0,0,0,0,0,0,0
Sun Dec 22 2019,0,0,8,493,14,9,1,1,0,88,16,1895,237,35,0,0,48.08,0,0.042,0,0,0,0,0,0,0,0,20,20
Mon Dec 23 2019,0,0,8.69,412,17,0,1,2,0,78,15,2077,239,40,0,0,0,0,0.042,0,0,0,0,0,0,0,0,0,0
Tue Dec 24 2019,0,0,7,5,4,0,0,2,0,0,7,14,2,0,0,0,0,0,0,0,0,0,0,0,0,0,0,0,0
Wed Dec 25 2019,0,0,0,0,0,0,0,0,0,0,0,0,0,0,0,0,0,0,0,0,0,0,0,0,0,0,0,0,0
Thu Dec 26 2019,0,0,0,0,0,0,0,0,0,0,0,0,0,0,2.045,0,0,0,0,0,0,0,0,1,1,0,0,0,0
Fri Dec 27 2019,0,0,6.55,217,14,0,0,1,0,45,10,1447,222,35,0,0,0,0,0.013999999999999999,0,0,0,0,0,0,0,0,0,0
Sat Dec 28 2019,0,0,8.26,460,18,0,0,1,0.32,72,13,1866,227,47,2.08,0,38.45,0,0.0175,0,0,0,0,1,1,0,0,16,16
Sun Dec 29 2019,0,0,10.49,573,17,0,0,2,0,96,16,2455,235,62,0,0,0,0,0.0245,0,0,0,0,0,0,0,0,0,0
Mon Dec 30 2019,0,0,5.33,381,15,1,0,0,0,66,11,1236,232,28,0,0,0,0,0.0245,0,0,0,0,0,0,0,0,0,0
Tue Dec 31 2019,0,0,0,0,0,0,1,1,0,1,0,0,0,1,0,0,0,0,0,0,0,0,0,0,0,0,0,0,0
Wed Jan 01 2020,0,0,8.66,482,19,1,0,5,10.23,89,18,1965,227,57,0,0,12.02,50,0.021,0,0,0,0,0,0,0,0,5,5
Thu Jan 02 2020,0,0,6.5,330,16,2,1,2,0,77,14,1625,249,31,0,0,0,0,0.013999999999999999,0,0,0,0,0,0,0,0,0,0
Fri Jan 03 2020,0,0,10.24,415,20,0,0,2,9.38,97,16,2345,229,48,0,0,0,1,0.0175,0,0,0,0,0,0,0,0,0,0
Sat Jan 04 2020,0,0,0,1,1,1,0,3,0,0,0,0,0,0,0,0,0,0,0,0,0,0,0,0,0,0,0,0,0
Sun Jan 05 2020,0,0,7.72,487,22,0,0,4,2.27,71,12,1898,247,44,0,2.495,0,5,0.021,0,0,0,1,0,0,0,0,0,0
Mon Jan 06 2020,0,0,5.1,340,18,0,17,3,8.73,95,10,893,176,35,0,0,12.02,0.07,0.006999999999999999,0,0,0,0,0,0,0,0,5,5
Tue Jan 07 2020,0,0,0,0,0,0,0,0,0,0,0,0,0,0,0,0,0,0,0.0034999999999999996,0,0,0,0,0,0,0,0,0,0
Wed Jan 08 2020,0,0,8.89,388,17,0,1,2,1.23,78,15,1787,200,36,2.38,0,0,0.06,0.0175,0,0,0,0,1,1,0,0,0,0
Thu Jan 09 2020,0,0,4,195,12,0,0,2,0.14,29,9,724,189,25,0,2.495,0,0.03,0.0105,0,0,0,1,0,0,0,0,0,0
Fri Jan 10 2020,0,0,6.04,335,17,0,1,0,3.05,51,11,1377,229,37,2.11,0,0,0.01,0.027999999999999997,0,0,0,0,1,1,0,0,0,0
Sat Jan 11 2020,0,0,0,0,0,0,0,2,0,0,0,0,0,0,2.38,0,0,0,0,0,0,0,0,1,1,0,0,0,0
Sun Jan 12 2020,0,0,6.36,475,11,1,1,0,0,47,11,1501,237,33,14.065,0,4.78,0.1,0.013999999999999999,0,0,0,0,2,1,0,1,2,2
Mon Jan 13 2020,0,0,0,0,0,0,0,0,0,0,0,0,0,0,2.42,0,0,0,0,0,0,0,0,1,1,0,0,0,0
Tue Jan 14 2020,0,0,0,0,0,0,0,1,0,0,0,0,0,0,0,0,0,0,0,0,0,0,0,0,0,0,0,0,0
Wed Jan 15 2020,0,0,9.34,445,33,0,0,10,14.03,141,27,2074,223,97,6.815,0,0,0.03,0.049,0,0,0,0,3,3,0,0,0,0
Thu Jan 16 2020,0,0,7.79,331,23,0,1,2,31.04,108,60,1830,243,91,0,0,0,0.02,0.0315,0,0,0,0,0,0,0,0,0,0
Fri Jan 17 2020,0,0,4.79,227,13,0,0,1,0,51,9,1144,239,30,0,0,0,0.03,0.013999999999999999,0,0,0,0,0,0,0,0,0,0
Sat Jan 18 2020,0,0,4.6,135,6,1,0,0,0.6,15,8,336,73,9,0,0,0,0,0,0,0,0,0,0,0,0,0,0,0
Sun Jan 19 2020,0,0,7.54,144,14,0,1,4,24.02,52,16,1553,207,38,0,0,0,0.01,0.013999999999999999,0,0,0,0,0,0,0,0,0,0
Mon Jan 20 2020,0,0,0,0,0,0,0,0,0,0,0,0,0,0,0,0,0,0,0,0,0,0,0,0,0,0,0,0,0
Tue Jan 21 2020,0,0,0,0,0,0,0,0,0,0,0,0,0,0,0,0,0,0,0,0,0,0,0,0,0,0,0,0,0
Wed Jan 22 2020,0,0,0,0,0,0,0,0,0,1,0,0,0,1,0,0,0,0,0,0,0,0,0,0,0,0,0,0,0
Thu Jan 23 2020,0,0,12.73,476,27,0,0,4,33.85,122,78,3105,246,100,0,0,2.39,0.02,0.042,0,0,0,0,0,0,0,0,1,1
Fri Jan 24 2020,0,0,10.39,440,25,0,0,4,12.76,104,19,2515,242,71,0,0,0,0.01,0.027999999999999997,0,0,0,0,0,0,0,0,0,0
Sat Jan 25 2020,0,0,14.28,211,15,1,0,2,21.61,29,23,657,46,24,0,0,0,0,0,0,0,0,0,0,0,0,0,0,0
Sun Jan 26 2020,0,0,11.04,440,18,1,2,1,9.05,85,36,2474,225,64,2.035,0,0,0,0.0525,0,0,0,0,1,1,0,0,0,0
Mon Jan 27 2020,0,0,0,0,0,0,0,2,0,1,0,0,0,1,0,0,0,0,0,0,0,0,0,0,0,0,0,0,0
Tue Jan 28 2020,0,0,0,9,2,1,0,1,0,1,0,0,0,1,0,0,0,0,0,0,0,0,0,0,0,0,0,0,0
Wed Jan 29 2020,0,0,10.35,470,23,0,1,6,0,72,17,2235,217,56,0,0,0,0,0.035,0,0,0,0,0,0,0,0,0,0
Thu Jan 30 2020,0,0,5.92,288,18,0,0,3,0.26,58,15,1532,259,42,0,2.495,0,0,0.0245,0,0,0,1,0,0,0,0,0,0
Fri Jan 31 2020,0,0,17.36,487,31,0,0,7,23.5,128,37,3732,216,96,0,0,0,0,0.0315,0,0,0,0,0,0,0,0,0,0
Sat Feb 01 2020,0,0,12.63,466,18,0,0,4,1.51,89,16,4093,324,64,0,0,0,0,0.035,0,0,0,0,0,0,0,0,0,0
Sun Feb 02 2020,0,0,7.46,230,14,0,1,0,0.34,61,20,1760,237,49,0,0,0,0,0.0735,0,0,0,0,0,0,0,0,0,0
Mon Feb 03 2020,0,0,0,0,0,0,0,1,0,0,0,0,0,0,0,0,0,0,0,0,0,0,0,0,0,0,0,0,0
Tue Feb 04 2020,0,0,0,0,0,0,0,0,0,0,0,0,0,0,0,0,0,0,0,0,0,0,0,0,0,0,0,0,0
Wed Feb 05 2020,0,0,9.8,365,20,0,1,2,2.72,78,17,2312,238,61,0,0,0,0.2,0.0315,0,0,0,0,0,0,0,0,0,0
Thu Feb 06 2020,0,0,12.45,228,17,0,0,3,8.25,103,40,2801,225,63,0,0,0,0.01,0.049,0,0,0,0,0,0,0,0,0,0
Fri Feb 07 2020,0,0,13.21,867,31,0,3,12,13.52,159,26,3011,229,99,0,0,2.39,11.6,0.077,0,0,0,0,0,0,0,0,1,1
Sat Feb 08 2020,0,0,0,0,0,2,0,0,0,0,0,0,0,0,0,0,0,0,0,0,0,0,0,0,0,0,0,0,0
Sun Feb 09 2020,0,0,12.19,532,24,2,0,4,1.59,136,23,3462,284,85,0,0,0,0.01,0.1015,0,0,0,0,0,0,0,0,0,0
Mon Feb 10 2020,0,0,0,0,0,0,0,1,0,0,0,0,0,0,2.065,0,0,0,0,0,0,0,0,1,1,0,0,0,0
Tue Feb 11 2020,0,0,0,0,0,0,0,0,0,0,0,0,0,0,2.38,0,0,0,0,0,0,0,0,1,1,0,0,0,0
Wed Feb 12 2020,0,0,8.97,522,20,0,0,1,0.19,72,20,2090,233,45,4.165,0,0,0,0.042,0,0,0,0,2,2,0,0,0,0
Thu Feb 13 2020,0,0,21.35,751,34,0,0,6,32.74,186,84,7345,344,141,0,2.495,0,0.01,0.105,0,0,0,1,0,0,0,0,0,0
Fri Feb 14 2020,0,0,8.68,523,18,0,0,1,0,63,14,1641,189,40,0,0,0,0.05,0.07,0,0,0,0,0,0,0,0,0,0
Sat Feb 15 2020,0,0,0,0,0,0,0,1,0,0,0,0,0,0,2.015,0,0,0,0.0034999999999999996,0,0,0,0,1,1,0,0,0,0
Sun Feb 16 2020,0,0,9.94,352,21,0,0,7,0,191,16,1958,197,95,0,0,0,0.04,0.11199999999999999,0,0,0,0,0,0,0,0,0,0
Mon Feb 17 2020,0,0,0,0,0,0,0,0,0,0,0,0,0,0,0,0,0,0,0.0034999999999999996,0,0,0,0,0,0,0,0,0,0
Tue Feb 18 2020,0,0,0,0,0,0,0,0,0,0,0,0,0,0,0,0,0,0,0.0034999999999999996,0,0,0,0,0,0,0,0,0,0
Wed Feb 19 2020,0,0,10.55,558,26,0,0,5,0.43,106,16,2552,242,52,0,0,0,0,0.055999999999999994,0,0,0,0,0,0,0,0,0,0
Thu Feb 20 2020,0,0,18.83,728,42,0,0,11,27.71,168,46,5309,282,118,2.315,0,0,0.5,0.1435,0,0,0,0,1,1,0,0,0,0
Fri Feb 21 2020,0,0,9.26,444,19,0,0,3,0.09,60,18,2231,241,46,0,0,0,0,0.055999999999999994,0,0,0,0,0,0,0,0,0,0
Sat Feb 22 2020,0,0,16,43,9,0,0,0,0,1,19,128,8,1,0,0,0,0,0.0034999999999999996,0,0,0,0,0,0,0,0,0,0
Sun Feb 23 2020,0,0,24.41,782,42,0,1,14,4.69,302,45,8202,337,187,0,0,0,22.15,0.21,0,0,0,0,0,0,0,0,0,0
Mon Feb 24 2020,0,0,0,0,0,0,0,0,0,0,0,0,0,0,0,0,0,0,0,0,0,0,0,0,0,0,0,0,0
Tue Feb 25 2020,0,0,0,0,0,0,0,0,0,0,0,0,0,0,0,0,0,0,0.0105,0,0,0,0,0,0,0,0,0,0
Wed Feb 26 2020,0,0,7.1,435,17,0,1,5,0.06,84,12,1725,243,55,2.01,0,5.035,1.08,0.0665,0,0,0,0,1,1,0,0,2,2
Thu Feb 27 2020,0,0,13.17,857,31,0,2,3,14.01,163,26,4938,375,118,0,0,2.325,15.02,0.126,0,0,0,0,0,0,0,0,1,1
Fri Feb 28 2020,0,0,9.7,498,25,0,0,4,27.83,102,17,2357,243,68,0,2.495,0,0,0.0735,0,0,0,1,0,0,0,0,0,0
Sat Feb 29 2020,0,0,10.5,74,9,1,0,0,9.52,11,13,231,22,9,0,0,0,0,0,0,0,0,0,0,0,0,0,0,0
Sun Mar 01 2020,0,0,15.77,475,22,0,0,3,14.5,171,35,4890,310,119,0,0,1.97,0.05,0.11199999999999999,0,0,0,0,0,0,0,0,1,1
Mon Mar 02 2020,0,0,0,0,0,0,0,0,0,1,0,0,0,1,0,0,0,0,0,0,0,0,0,0,0,0,0,0,0
Tue Mar 03 2020,0,0,0,0,0,1,0,0,0,0,0,0,0,0,0,0,0,0,0,0,0,0,0,0,0,0,0,0,0
Wed Mar 04 2020,0,0,10.81,481,16,1,1,3,8.15,56,17,2270,209,40,0,0,0,2,0.0455,0,0,0,0,0,0,0,0,0,0
Thu Mar 05 2020,0,0,9.67,440,23,1,1,3,5.9,74,19,2612,270,53,0,2.495,0,16,0.0805,0,0,0,1,0,0,0,0,0,0
Fri Mar 06 2020,0,0,6.4,365,16,0,0,3,0,58,15,1550,242,41,0,0,0,1,0.035,0,0,0,0,0,0,0,0,0,0
Sat Mar 07 2020,0,0,5.29,38,6,0,0,0,0,9,7,164,31,9,0,0,0,0,0,0,0,0,0,0,0,0,0,0,0
Sun Mar 08 2020,0,0,18.31,645,32,3,7,3,13.18,205,39,5730,313,141,0,0,2.74,0.08,0.2345,0,0,0,0,0,0,0,0,1,1
Mon Mar 09 2020,0,0,0,0,0,0,0,1,0,0,0,0,0,0,0,0,0,0,0,0,0,0,0,0,0,0,0,0,0
Tue Mar 10 2020,0,0,0,0,0,0,0,0,0,0,0,0,0,0,2.145,0,0,0,0,0,0,0,0,1,1,0,0,0,0
Wed Mar 11 2020,0,0,6.93,552,17,0,1,2,0,73,11,1503,217,46,2.38,0,0,0.25,0.063,0,0,0,0,1,1,0,0,0,0
Thu Mar 12 2020,0,0,9.86,541,20,0,2,0,0.05,67,14,2149,218,60,4.225,0,0,0.2,0.0455,0,0,0,0,2,2,0,0,0,0
Fri Mar 13 2020,0,0,6.7,366,18,0,2,2,0,78,11,1266,189,52,0,0,0,0.1,0.035,0,0,0,0,0,0,0,0,0,0
Sat Mar 14 2020,0,0,0,1,1,0,0,1,0,0,0,0,0,0,0,0,0,0,0,0,0,0,0,0,0,0,0,0,0
Sun Mar 15 2020,0,0,14.48,1366,34,1,3,5,0.37,181,24,4851,335,121,16.42,4.99,68.685,143.71,0.1015,0,0,0,2,3,2,0,1,29,29
Mon Mar 16 2020,0,0,0,1,1,2,0,0,0,2,0,0,0,2,0,0,0,0,0,0,0,0,0,0,0,0,0,0,0
Tue Mar 17 2020,0,0,0,0,0,0,0,0,0,0,0,0,0,0,0,0,0,0,0,0,0,0,0,0,0,0,0,0,0
Wed Mar 18 2020,0,0,7.28,368,17,0,1,0,1.88,57,13,1333,183,34,0,0,0,0,0.027999999999999997,0,0,0,0,0,0,0,0,0,0
Thu Mar 19 2020,0,0,12.21,766,25,0,0,3,1.47,102,21,3882,318,65,0,0,0,1.35,0.055999999999999994,0,0,0,0,0,0,0,0,0,0
Fri Mar 20 2020,0,0,9.7,892,23,0,0,5,0,86,16,3144,324,58,0,0,18.825,10,0.042,0,0,0,0,0,0,0,0,8,8
Sat Mar 21 2020,0,0,0,5,1,0,0,0,0,0,0,0,0,0,0,0,0,0,0,0,0,0,0,0,0,0,0,0,0
Sun Mar 22 2020,0,0,13.36,585,26,0,1,5,0.77,125,20,3874,290,90,0,0,6.825,0,0.0735,0,0,0,0,0,0,0,0,3,3
Mon Mar 23 2020,0,0,0,2,1,0,0,0,0,0,0,0,0,0,0,0,0,0,0,0,0,0,0,0,0,0,0,0,0
Tue Mar 24 2020,0,0,0,0,0,37,0,0,0,0,0,0,0,0,0,0,0,0,0,0,0,0,0,0,0,0,0,0,0
Wed Mar 25 2020,0,0,11.03,360,19,0,1,2,0.19,83,17,2669,242,61,0,0,0,0,0.0385,0,0,0,0,0,0,0,0,0,0
Thu Mar 26 2020,0,0,10.64,620,25,0,0,4,0,140,18,3351,315,74,4.42,0,2.39,0,0.049,0,0,0,0,2,2,0,0,1,1
Fri Mar 27 2020,0,0,19.45,1061,37,0,0,14,18.79,178,67,5018,258,131,0,0,36.21,32,0.059500000000000004,0,0,0,0,0,0,0,0,16,16
Sat Mar 28 2020,0,0,0,1,1,1,0,2,0,1,0,0,0,1,0,0,0,0,0,0,0,0,0,0,0,0,0,0,0
Sun Mar 29 2020,0,0,22.64,839,55,0,0,18,32.45,295,75,6973,308,229,0,0,4.71,0.1,0.203,0,0,0,0,0,0,0,0,2,2
Mon Mar 30 2020,0,0,0,17,2,0,0,0,0,0,0,0,0,0,0,0,0,0,0,0,0,0,0,0,0,0,0,0,0
Tue Mar 31 2020,0,0,0,0,0,0,0,0,0,0,0,0,0,0,0,0,0,0,0,0,0,0,0,0,0,0,0,0,0
Wed Apr 01 2020,0,0,12.87,536,27,0,1,5,17.52,167,37,3076,240,134,2.035,0,0,0,0.1225,0,0,0,0,1,1,0,0,0,0
Thu Apr 02 2020,0,0,16.28,692,45,0,0,16,15.99,212,76,4428,272,164,0,0,0,0,0.055999999999999994,0,0,0,0,0,0,0,0,0,0
Fri Apr 03 2020,0,0,14.84,424,23,3,1,4,1.66,209,24,3621,244,130,0,0,0,1.15,0.14,0,0,0,0,0,0,0,0,0,0
Sat Apr 04 2020,0,0,0,0,0,2,1,3,0,2,0,0,0,2,0,0,0,0,0,0,0,0,0,0,0,0,0,0,0
Sun Apr 05 2020,0,0,20.38,886,44,8,5,10,4.49,222,33,6215,305,139,0,0,0,0,0.11900000000000001,0,0,0,0,0,0,0,0,0,0
Mon Apr 06 2020,0,0,0,0,0,3,0,0,0,0,0,0,0,0,0,0,0,0,0,0,0,0,0,0,0,0,0,0,0
Tue Apr 07 2020,0,0,0,0,0,7,0,1,0,0,0,0,0,0,0,0,0,0,0,0,0,0,0,0,0,0,0,0,0
Wed Apr 08 2020,0,0,12.54,598,34,0,1,1,3.38,176,47,3022,241,121,0,0,23.995,0,0.055999999999999994,0,0,0,0,0,0,0,0,10,10
Thu Apr 09 2020,0,0,17.69,628,38,0,2,7,12.01,266,37,5714,324,176,0,0,0,2.09,0.1365,0,0,0,0,0,0,0,0,0,0
Fri Apr 10 2020,0,0,14.21,432,31,0,0,3,10.54,168,35,4307,303,124,2.075,0,2.33,0.6,0.11900000000000001,0,0,0,0,1,1,0,0,1,1
Sat Apr 11 2020,0,0,0,0,0,0,0,1,0,1,0,0,0,1,0,0,0,0,0,0,0,0,0,0,0,0,0,0,0
Sun Apr 12 2020,0,0,25.94,967,42,0,2,11,20.33,386,71,7678,296,286,2.035,0,2.325,0,0.091,0,0,0,0,1,1,0,0,1,1
Mon Apr 13 2020,0,0,0,0,0,1,0,0,0,0,0,0,0,0,0,0,0,0,0.0034999999999999996,0,0,0,0,0,0,0,0,0,0
Tue Apr 14 2020,0,0,0,0,0,0,0,1,0,0,0,0,0,0,0,0,0,0,0,0,0,0,0,0,0,0,0,0,0
Wed Apr 15 2020,0,0,21.96,773,42,0,3,15,10.45,271,47,5293,241,188,6.62,0,84.275,69.34,0.28,0,2.4,0,0,3,3,0,0,35,35
Thu Apr 16 2020,0,0,14.51,538,30,2,0,3,5.26,177,29,4337,299,136,0,0,21.555,0,0.042,0,0,0,0,0,0,0,0,9,9
Fri Apr 17 2020,0,0,13.31,496,28,2,0,5,12.19,217,55,4259,321,147,0,0,0,0.4,0.0875,0,0,0,0,0,0,0,0,0,0
Sat Apr 18 2020,0,0,0,0,0,0,0,2,0,0,0,0,0,0,0,0,0,0,0,0,0,0,0,0,0,0,0,0,0
Sun Apr 19 2020,0,0,13.11,698,35,0,0,6,1.41,306,28,4102,313,228,0,0,0,0.14,0.049,0,0,0,0,0,0,0,0,0,0
Mon Apr 20 2020,0,0,0,0,0,0,0,0,0,2,0,0,0,2,0,0,0,0,0.006999999999999999,0,0,0,0,0,0,0,0,0,0
Tue Apr 21 2020,0,0,0,0,0,1,0,0,0,1,0,0,0,1,0,0,0,0,0.0105,0,0,0,0,0,0,0,0,0,0
Wed Apr 22 2020,0,0,19.81,687,37,0,1,13,39.85,295,43,4833,241,214,2.315,0,42.435,1,0.035,0,0,0,0,1,1,0,0,18,18
Thu Apr 23 2020,0,0,11.21,688,28,0,1,15,0.27,229,20,3340,298,163,0,0,19.175,0,0.063,0,0,0,0,0,0,0,0,8,8
Fri Apr 24 2020,0,0,15.2,570,35,2,0,6,9.2,313,26,3162,208,235,0,0,26.37,6,0.084,0,0,0,0,0,0,0,0,11,11
Sat Apr 25 2020,0,0,0,0,0,0,0,1,0,0,0,0,0,0,0,0,0,0,0,0,0,0,0,0,0,0,0,0,0
Sun Apr 26 2020,0,0,16.75,755,38,0,1,6,20.69,203,28,5042,301,163,1.995,0,0,9.15,0.055999999999999994,0,0,0,0,1,1,0,0,0,0
Mon Apr 27 2020,0,0,0,0,0,0,0,1,0,0,0,0,0,0,0,0,0,0,0,0,0,0,0,0,0,0,0,0,0
Tue Apr 28 2020,0,0,0,1,1,0,0,1,0,0,0,0,0,0,0,0,0,0,0,0,0,0,0,0,0,0,0,0,0
Wed Apr 29 2020,0,0,9.88,546,30,0,5,6,0,135,16,2322,234,99,11.945,0,0,0.01,0.055999999999999994,0,0,0,0,1,0,0,1,0,0
Thu Apr 30 2020,0,0,17.21,1290,38,1,6,6,5.51,279,55,5284,307,199,0,0,0,1.01,0.091,0,0,0,0,0,0,0,0,0,0
Fri May 01 2020,0,0,25.35,973,51,4,5,12,25.05,310,91,7733,305,244,2.06,0,22.815,0.06,0.11900000000000001,0,0,0,0,1,1,0,0,10,10
Sat May 02 2020,0,0,0,2,2,1,0,1,0,0,0,0,0,0,0,0,0,0,0.006999999999999999,0,0,0,0,0,0,0,0,0,0
Sun May 03 2020,0,0,19.61,1059,48,17,3,14,28.29,304,58,6254,320,240,0,0,35.335,8.01,0.098,0,0,0,0,0,0,0,0,16,16
Mon May 04 2020,0,0,0,0,0,5,0,1,0,1,0,0,0,1,0,0,0,0,0,0,0,0,0,0,0,0,0,0,0
Tue May 05 2020,0,0,0,0,0,0,0,0,0,0,0,0,0,0,0,0,0,0,0,0,0,0,0,0,0,0,0,0,0
Wed May 06 2020,0,0,24.69,1128,35,0,7,7,26.61,257,39,6024,244,168,0,0,10.655,1,0.0805,0,0,0,0,0,0,0,0,5,5
Thu May 07 2020,0,0,19.47,849,43,32,3,9,6.91,249,49,5354,275,184,0,0,0,1.01,0.042,0,0,0,0,0,0,0,0,0,0
Fri May 08 2020,0,0,17.1,703,38,2,3,3,0.68,176,30,5165,302,127,4.345,0,0,1.81,0.0735,0,0,0,0,2,2,0,0,0,0
Sat May 09 2020,0,0,0,0,0,14,0,1,0,0,0,0,0,0,0,0,0,0,0,0,0,0,0,0,0,0,0,0,0
Sun May 10 2020,0,0,28.71,1089,42,4,3,15,35.67,346,82,8670,302,268,4.12,0,0,1,0.1295,0,0,0,0,2,2,0,0,0,0
Mon May 11 2020,0,0,0,0,0,0,0,1,0,0,0,0,0,0,0,0,0,0,0,0,0,0,0,0,0,0,0,0,0
Tue May 12 2020,0,0,20.73,885,42,0,2,7,9.86,221,60,6593,318,171,0,0,4.26,0,0.077,0,0,0,0,0,0,0,0,2,2
Wed May 13 2020,0,0,0,0,0,1,0,0,0,2,0,0,0,1,0,0,0,0,0,0,0,0,0,0,0,0,0,0,0
Thu May 14 2020,0,0,17.07,1277,34,0,3,2,1.84,162,27,5223,306,90,0,0,6.915,0,0.059500000000000004,0,0,0,0,0,0,0,0,3,3
Fri May 15 2020,0,0,19.55,1153,37,4,9,2,8.95,201,38,6022,307,149,8.655,0,0,0,0.055999999999999994,0,0,0,0,4,4,0,0,0,0
Sat May 16 2020,0,0,0,0,0,0,0,1,0,1,0,0,0,1,0,0,0,0,0,0,0,0,0,0,0,0,0,0,0
Sun May 17 2020,0,0,28.13,1385,51,2,2,15,44.36,359,83,9226,328,284,0,0,8.34,0,0.091,0,0,0,0,0,0,0,0,4,4
Mon May 18 2020,0,0,0,0,0,0,0,1,0,0,0,0,0,0,0,0,0,0,0,0,0,0,0,0,0,0,0,0,0
Tue May 19 2020,0,0,30.24,1874,47,3,6,5,6.33,295,42,9465,313,202,4.58,0,2.28,2,0.0805,0,0,0,0,2,2,0,0,1,1
Wed May 20 2020,0,0,0,0,0,2,0,0,0,1,0,0,0,1,0,0,0,0,0,0,0,0,0,0,0,0,0,0,0
Thu May 21 2020,0,0,29.66,1508,48,0,13,11,35.04,287,119,9135,308,236,1.76,4.99,16.735,1,0.126,0,0,0,2,1,1,0,0,7,7
Fri May 22 2020,0,0,17.53,1465,30,58,2,0,3.65,113,26,5155,287,83,4.335,0,21.695,0,0.0315,0,0,0,0,2,2,0,0,10,10
Sat May 23 2020,0,0,0,0,0,0,0,0,0,0,0,0,0,0,0,0,0,0,0.0034999999999999996,0,0,0,0,0,0,0,0,0,0
Sun May 24 2020,0,0,21.52,1464,42,0,0,12,4.92,285,37,6974,319,195,8.375,0,15.15,6,0.098,0,0,0,0,4,4,0,0,7,7
Mon May 25 2020,0,0,0,5,2,0,0,1,0,0,0,0,0,0,0,0,0,0,0.006999999999999999,0,0,0,0,0,0,0,0,0,0
Tue May 26 2020,0,0,24.16,1712,53,1,17,8,7.11,299,55,7416,302,201,2.025,0,16.775,0,0.105,0,0,0,0,1,1,0,0,7,7
Wed May 27 2020,0,0,0,2,2,0,0,0,0,0,0,0,0,0,0,0,0,0,0,0,0,0,0,0,0,0,0,0,0
Thu May 28 2020,0,0,29.31,1489,52,1,11,16,1.92,367,43,9145,312,249,2.145,0,0,0,0.2065,0,0,0,0,1,1,0,0,0,0
Fri May 29 2020,0,0,25.81,1475,42,7,3,7,7.51,331,68,7820,303,263,2.32,0,2.115,0,0.1365,0,0,0,0,1,1,0,0,1,1
Sat May 30 2020,0,0,25.13,1376,53,15,7,12,11.94,312,92,10201,405,215,0,0,0,0.51,0.1155,0,0,0,0,0,0,0,0,0,0
Sun May 31 2020,0,0,23.72,1229,50,0,6,6,7.84,296,41,7376,308,228,2.27,0,37.34,10,0.077,0,0,0,0,1,1,0,0,16,16
Mon Jun 01 2020,0,0,0,2,2,0,0,2,0,1,0,0,0,1,2.065,0,0,0,0,0,0,0,0,1,1,0,0,0,0
Tue Jun 02 2020,0,0,0,0,0,0,0,0,0,0,0,0,0,0,0,0,0,0,0,0,0,0,0,0,0,0,0,0,0
Wed Jun 03 2020,0,0,0,0,0,0,0,0,0,2,0,0,0,2,1.96,0,0,0,0,0,0,0,0,1,1,0,0,0,0
Thu Jun 04 2020,0,0,22.37,1250,40,0,2,3,4.45,265,35,6869,305,194,0,0,13.55,0,0.063,0,0,0,0,0,0,0,0,6,6
Fri Jun 05 2020,0,0,19.15,1236,32,2,2,2,2.71,224,32,6167,321,141,14.419999999999998,0,24.55,12.71,0.161,0,0,0,0,2,1,0,1,11,11
Sat Jun 06 2020,0,0,0,122,2,0,0,0,0,2,0,0,0,2,2.14,0,0,0,0,0,0,0,0,1,1,0,0,0,0
Sun Jun 07 2020,0,0,0,0,0,0,0,3,0,0,0,0,0,0,0,0,0,0,0,0,0,0,0,0,0,0,0,0,0
Mon Jun 08 2020,0,0,0,0,0,0,0,1,0,0,0,0,0,0,4.5,0,0,0,0,0,0,0,0,2,2,0,0,0,0
Tue Jun 09 2020,0,0,28.17,1236,48,0,0,9,13.85,279,45,8789,311,190,0,0,0,3,0.19949999999999998,0,0,0,0,0,0,0,0,0,0
Wed Jun 10 2020,0,0,0,2,2,0,0,1,0,1,0,0,0,1,2.155,0,0,0,0,0,0,0,0,1,1,0,0,0,0
Thu Jun 11 2020,0,0,20,1081,36,0,2,2,0.26,214,31,6101,305,163,2.115,0,0,1,0.07,0,0,0,0,1,1,0,0,0,0
Fri Jun 12 2020,0,0,36.79,1594,60,0,8,7,30.63,351,81,11147,302,258,0,0,16.235,1,0.203,0,0,0,0,0,0,0,0,7,7
Sat Jun 13 2020,0,0,0,0,0,1,0,0,0,0,0,0,0,0,0,0,0,0,0,0,0,0,0,0,0,0,0,0,0
Sun Jun 14 2020,0,0,28.49,917,32,0,3,5,10.98,245,36,8718,302,189,0,0,4.86,0,0.11199999999999999,0,0,0,0,0,0,0,0,2,2
Mon Jun 15 2020,0,0,0,0,0,1,0,1,0,0,0,0,0,0,6.7,0,0,0,0,0,0,0,0,3,3,0,0,0,0
Tue Jun 16 2020,0,0,19.66,918,22,2,3,1,1.81,195,27,6017,306,136,0,0,0,5,0.091,0,0,0,0,0,0,0,0,0,0
Wed Jun 17 2020,0,0,0,0,0,1,0,0,0,0,0,0,0,0,0,0,0,0,0,0,0,0,0,0,0,0,0,0,0
Thu Jun 18 2020,0,0,23.2,1229,43,0,3,7,12.5,276,76,6936,299,210,0,0,29.01,5.01,0.1155,0,0,0,0,0,0,0,0,13,13
Fri Jun 19 2020,0,0,18.56,1287,42,0,5,6,0.02,215,32,5623,303,153,6.985,0,2.09,0.01,0.077,0,0,0,0,3,3,0,0,1,1
Sat Jun 20 2020,0,0,0,2,2,0,0,7,0,1,0,0,0,1,0,0,0,0,0.0034999999999999996,0,0,0,0,0,0,0,0,0,0
Sun Jun 21 2020,0,0,33.93,1651,71,0,2,10,19.83,345,78,11232,331,275,13.215,0,13.24,1,0.11199999999999999,0,0,0,0,2,1,0,1,6,6
Mon Jun 22 2020,0,0,0,0,0,0,0,1,0,0,0,0,0,0,4.38,0,0,0,0,0,0,0,0,2,2,0,0,0,0
Tue Jun 23 2020,0,0,60.15,4058,137,3,9,27,32.49,710,177,23821,396,516,0,2.495,151.105,39,0.294,0,0,0,1,0,0,0,0,65,65
Wed Jun 24 2020,0,0,0,0,0,2,0,1,0,0,0,0,0,0,7.3,0,0,0,0,0,0,0,0,3,3,0,0,0,0
Thu Jun 25 2020,0,0,31.7,1686,52,0,7,5,11.63,325,59,10113,319,239,2.32,0,0,0,0.1155,0,0,0,0,1,1,0,0,0,0
Fri Jun 26 2020,0,0,22.68,1342,38,1,3,6,8.73,231,35,6964,307,178,2.07,0,0,0,0.09449999999999999,0,0,0,0,1,1,0,0,0,0
Sat Jun 27 2020,0,0,0,0,0,0,0,0,0,0,0,0,0,0,0,0,0,0,0,0,0,0,0,0,0,0,0,0,0
Sun Jun 28 2020,0,0,32.22,1447,53,0,1,6,23.81,345,57,9988,307,260,12.2,0,2.33,5,0.154,0,0,0,0,1,0,0,1,1,1
Mon Jun 29 2020,0,0,0,0,0,0,0,0,0,0,0,0,0,0,2.32,0,0,0,0,0,0,0,0,1,1,0,0,0,0
Tue Jun 30 2020,0,0,45.36,1535,44,0,12,13,44.75,350,107,13563,294,252,2.27,0,2.33,1.8,0.084,0,0,0,0,1,1,0,0,1,1
Wed Jul 01 2020,0,0,0,0,0,0,0,0,0,0,0,0,0,0,2.09,0,0,0,0,0,0,0,0,1,1,0,0,0,0
Thu Jul 02 2020,0,0,19.33,1137,43,0,7,11,0,213,30,5954,307,143,2.35,0,13.265,0,0.11900000000000001,0,0,0,0,1,1,0,0,6,6
Fri Jul 03 2020,0,0,26.3,1118,58,0,10,4,29.36,239,46,8022,304,169,0,0,0,0.1,0.0805,0,0,0,0,0,0,0,0,0,0
Sat Jul 04 2020,0,0,0,2,1,0,0,1,0,4,0,0,0,3,0,0,0,0,0,0,0,0,0,0,0,0,0,0,0
Sun Jul 05 2020,0,0,22.14,978,38,0,1,5,2.28,194,33,6840,309,133,11.945,2.495,0,7,0.084,0,0,0,1,1,0,0,1,0,0
Mon Jul 06 2020,0,0,0,0,0,0,0,1,0,0,0,0,0,0,2.19,0,0,0,0,0,0,0,0,1,1,0,0,0,0
Tue Jul 07 2020,0,0,44.59,1266,61,1,5,7,41.11,445,197,14981,336,371,2.345,0,0,0,0.182,0,0,0,0,1,1,0,0,0,0
Wed Jul 08 2020,0,0,0,1,1,0,0,1,0,1,0,0,0,1,2.12,0,0,0,0,0,0,0,0,1,1,0,0,0,0
Thu Jul 09 2020,0,0,0,0,0,0,0,0,0,0,0,0,0,0,0,0,0,0,0.0034999999999999996,0,0,0,0,0,0,0,0,0,0
Fri Jul 10 2020,0,0,102.39,2908,106,1,8,35,48.5,704,197,24880,243,450,4.145,0,18.68,11,0.4305,0,0,0,0,2,2,0,0,8,8
Sat Jul 11 2020,0,0,0,0,0,0,0,1,0,1,0,0,0,1,2.105,0,0,0,0,0,0,0,0,1,1,0,0,0,0
Sun Jul 12 2020,0,0,15.45,727,31,0,1,7,0,195,26,2843,184,147,0,2.495,2.095,0,0.1015,0,0,0,1,0,0,0,0,1,1
Mon Jul 13 2020,0,0,0,0,0,0,0,0,0,1,0,0,0,1,0,0,0,0,0,0,0,0,0,0,0,0,0,0,0
Tue Jul 14 2020,0,0,0,0,0,0,0,0,0,0,0,0,0,0,0,0,0,0,0,0,0,0,0,0,0,0,0,0,0
Wed Jul 15 2020,0,0,0,41,2,0,1,1,0,0,0,0,0,0,4.39,0,0,0,0,0,0,0,0,2,2,0,0,0,0
Thu Jul 16 2020,0,0,0,0,0,0,0,0,0,0,0,0,0,0,0,0,0,0,0,0,0,0,0,0,0,0,0,0,0
Fri Jul 17 2020,0,0,0,0,0,5,1,0,0,0,0,0,0,0,0,0,0,0,0,0,0,0,0,0,0,0,0,0,0
Sat Jul 18 2020,0,0,0,0,0,0,0,1,0,1,0,0,0,1,0,0,0,0,0,0,0,0,0,0,0,0,0,0,0
Sun Jul 19 2020,0,0,0,60,2,0,0,0,0,0,0,0,0,0,4.635,0,0,0,0.0034999999999999996,0,0,0,0,2,2,0,0,0,0
Mon Jul 20 2020,0,0,0,1,1,1,0,2,0,0,0,0,0,0,0,0,0,0,0,0,0,0,0,0,0,0,0,0,0
Tue Jul 21 2020,0,0,29.8,1491,55,0,12,7,0.52,212,90,9177,308,154,11.76,0,4.82,1.72,0.1085,0,0,0,0,1,0,0,1,2,2
Wed Jul 22 2020,0,0,0,0,0,0,0,0,0,0,0,0,0,0,4.47,0,0,0,0,0,0,0,0,2,2,0,0,0,0
Thu Jul 23 2020,0,0,19.25,1165,49,0,4,10,0.61,227,27,5928,307,163,6.85,2.495,6.7,11.69,0.1085,0,0,0,1,3,3,0,0,3,3
Fri Jul 24 2020,0,0,38.22,1972,76,0,5,7,29.93,411,114,12002,314,296,5.17,0,34.225,25,0.266,0,3,0,0,2,2,0,0,15,15
Sat Jul 25 2020,0,0,0,0,0,0,0,1,0,1,0,0,0,1,0,2.495,0,0,0,0,0,0,1,0,0,0,0,0,0
Sun Jul 26 2020,0,0,21.74,1058,32,0,2,3,0.02,178,31,4240,195,145,2.155,0,49.855,2.5,0.059500000000000004,0,0,0,0,1,1,0,0,22,22
Mon Jul 27 2020,0,0,0,0,0,0,0,3,0,0,0,0,0,0,0,0,0,0,0,0,0,0,0,0,0,0,0,0,0
Tue Jul 28 2020,0,0,42.28,1835,76,2,7,29,33.41,368,90,13571,320,294,12.775,2.495,2.17,12.69,0.147,0,0,0,1,1,0,0,1,1,1
Wed Jul 29 2020,0,0,0,0,0,0,0,3,0,0,0,0,0,0,2.32,0,0,0,0,0,0,0,0,1,1,0,0,0,0
Thu Jul 30 2020,0,0,24.12,1472,47,0,6,6,5.22,270,37,7599,315,199,0,0,0,18.69,0.1575,0,0,0,0,0,0,0,0,0,0
Fri Jul 31 2020,0,0,34.96,1566,57,1,12,11,29.97,382,184,11011,315,295,0,2.495,2.185,57.77,0.1435,0,0,0,1,0,0,0,0,1,1
Sat Aug 01 2020,0,0,0,0,0,3,5,0,0,2,0,0,0,1,0,0,0,0,0,0,0,0,0,0,0,0,0,0,0
Sun Aug 02 2020,0,0,29.19,1322,50,0,1,6,16.4,301,41,9049,310,227,0,2.495,2.205,2.2,0.16449999999999998,0,0,0,1,0,0,0,0,1,1
Mon Aug 03 2020,0,0,0,0,0,2,0,1,0,9,0,0,0,3,0,0,0,0,0,0,0,0,0,0,0,0,0,0,0
Tue Aug 04 2020,0,0,58.04,1290,69,3,5,30,27.88,684,172,18167,313,525,0,0,35.155,7.16,0.3605,0,0,0,0,0,0,0,0,15,15
Wed Aug 05 2020,0,0,0,0,0,0,0,2,0,3,0,0,0,2,0,0,0,0,0,0,0,0,0,0,0,0,0,0,0
Thu Aug 06 2020,0,0,33.78,1564,58,0,1,18,0.01,535,48,10910,323,382,2.315,0,2.39,3,0.2625,0,0,0,0,1,1,0,0,1,1
Fri Aug 07 2020,0,0,44.27,2053,67,0,8,35,10.9,624,89,14875,336,417,6.79,0,47.09,20.11,0.3605,0,0,0,0,3,3,0,0,19,19
Sat Aug 08 2020,0,0,0,0,0,2,0,2,0,3,0,0,0,1,2.195,0,0,0,0,0,0,0,0,1,1,0,0,0,0
Sun Aug 09 2020,0,0,27.19,1056,42,1,3,15,0.14,668,44,8566,315,471,0,0,0,2.44,0.37799999999999995,0,0,0,0,0,0,0,0,0,0
Mon Aug 10 2020,0,0,0,0,0,6,0,0,0,1,0,0,0,1,2.19,0,0,0,0,0,0,0,0,1,1,0,0,0,0
Tue Aug 11 2020,0,0,35.4,1391,61,2,6,18,0.35,618,54,10868,307,438,4.65,0,16.015,0.06,0.2905,0,0,0,0,2,2,0,0,7,7
Wed Aug 12 2020,0,0,0,0,0,4,0,1,0,0,0,0,0,0,0,0,0,0,0,0,0,0,0,0,0,0,0,0,0
Thu Aug 13 2020,0,0,36.92,1739,60,0,5,19,8.66,623,79,11889,321,464,0,0,56.285,9,0.392,0,0,0,0,0,0,0,0,24,24
Fri Aug 14 2020,0,0,30.11,1522,46,5,4,25,0.34,663,46,9335,310,446,0,0,4.635,11.01,0.3675,0,0,0,0,0,0,0,0,2,2
Sat Aug 15 2020,0,0,0,3,2,1,0,1,0,1,0,0,0,1,4.585,0,0,0,0.0034999999999999996,0,0,0,0,2,2,0,0,0,0
Sun Aug 16 2020,0,0,33.23,1591,45,0,3,3,3.02,329,52,10070,303,250,0,2.495,4.775,1,0.1505,0,0,0,1,0,0,0,0,2,2
Mon Aug 17 2020,0,0,0,0,0,2,0,0,0,1,0,0,0,1,0,0,0,0,0,0,0,0,0,0,0,0,0,0,0
Tue Aug 18 2020,0,0,40.23,2103,76,0,15,25,9.7,553,62,12592,313,408,0,0,18.02,53,0.2345,0,0,0,0,0,0,0,0,8,8
Wed Aug 19 2020,0,0,0,0,0,1,0,1,0,1,0,0,0,1,5.22,0,0,0,0,0,0,0,0,2,2,0,0,0,0
Thu Aug 20 2020,0,0,56.68,2296,86,0,28,23,19.22,715,148,17343,306,519,2.32,0,18.655,75.16,0.231,0,0,0,0,1,1,0,0,8,8
Fri Aug 21 2020,0,0,37.48,1638,52,1,10,24,0.34,640,50,11206,298,447,12.395,0,4.385,20,0.3325,0,0,0,0,1,0,0,1,3,3
Sat Aug 22 2020,0,0,0,0,0,66,0,1,0,0,0,0,0,0,4.745,0,0,0,0,0,0,0,0,2,2,0,0,0,0
Sun Aug 23 2020,0,0,37.42,1795,69,0,8,13,15.71,468,75,12123,324,327,7.05,0,9.3,17,0.1295,0,1,0,0,3,3,0,0,4,4
Mon Aug 24 2020,0,0,0,0,0,1,0,3,0,1,0,0,0,1,7.065,0,0,0,0,0,0,0,0,3,3,0,0,0,0
Tue Aug 25 2020,0,0,48.9,2080,84,1,9,15,9.54,628,69,15747,322,451,2.22,2.495,11.68,45,0.168,0,0,0,1,1,1,0,0,5,5
Wed Aug 26 2020,0,0,35.86,1166,63,0,2,12,6.81,409,96,8894,248,306,2.18,0,4.39,7.05,0.14,0,0,0,0,1,1,0,0,2,2
Thu Aug 27 2020,0,0,34.25,1688,61,1,5,15,0.01,561,47,10824,316,362,4.655,0,6.81,30,0.1925,0,0,0,0,2,2,0,0,3,3
Fri Aug 28 2020,0,0,40.88,2038,77,3,7,28,7.84,656,63,15044,368,451,13.14,2.495,15.645,19,0.2625,0,0,0,1,1,0,0,1,6,6
Sat Aug 29 2020,0,0,0,0,0,6,0,1,0,0,0,0,0,0,2.32,0,0,0,0,0,0,0,0,1,1,0,0,0,0
Sun Aug 30 2020,0,0,36.74,1994,62,0,12,11,3.18,422,55,12380,337,285,2.32,0,2.225,9,0.168,0,0,0,0,1,1,0,0,1,1
Mon Aug 31 2020,0,0,0,0,0,1,0,0,0,1,0,0,0,1,0,0,0,0,0,0,0,0,0,0,0,0,0,0,0
Tue Sep 01 2020,0,0,35.89,1532,66,1,0,17,0.19,447,57,11269,314,295,0,0,2.505,13.01,0.252,0,0,0,0,0,0,0,0,1,1
Wed Sep 02 2020,0,0,0,0,0,0,0,4,0,0,0,0,0,0,0,0,0,0,0,0,0,0,0,0,0,0,0,0,0
Thu Sep 03 2020,0,0,71.81,2404,88,16,14,20,7.25,518,113,21902,305,366,7.07,0,41.53,39.23,0.2695,0,0,0,0,3,3,0,0,17,17
Fri Sep 04 2020,0,0,38.88,1885,63,2,3,14,0,515,52,12596,324,361,0,0,2.315,27,0.245,0,0,0,0,0,0,0,0,1,1
Sat Sep 05 2020,0,0,0,0,0,3,0,0,0,2,0,0,0,2,0,0,0,0,0,0,0,0,0,0,0,0,0,0,0
Sun Sep 06 2020,0,0,39.02,1425,60,1,5,5,8.98,356,77,11823,303,243,4.84,2.495,2.19,3,0.1435,0,0,0,1,2,2,0,0,1,1
Mon Sep 07 2020,0,0,0,0,0,0,0,1,0,1,0,0,0,1,2.47,0,0,0,0,0,0,0,0,1,1,0,0,0,0
Tue Sep 08 2020,0,0,47.91,1037,54,0,5,3,24.82,303,88,10252,214,232,2.205,0,0,1,0.154,0,0,0,0,1,1,0,0,0,0
Wed Sep 09 2020,0,0,0,3,1,2,0,0,0,0,0,0,0,0,0,0,0,0,0,0,0,0,0,0,0,0,0,0,0
Thu Sep 10 2020,0,0,45.59,1884,69,0,5,8,3.15,497,79,15000,329,356,2.195,0,4.595,8.12,0.252,0,0,0,0,1,1,0,0,2,2
Fri Sep 11 2020,0,0,37.6,1516,46,0,3,6,3.55,510,59,11392,303,390,2.455,0,0,6.23,0.2975,0,0,0,0,1,1,0,0,0,0
Sat Sep 12 2020,0,0,0,0,0,0,0,0,0,1,0,0,0,1,0,0,0,0,0,0,0,0,0,0,0,0,0,0,0
Sun Sep 13 2020,0,0,32.01,1040,42,0,0,3,0.31,450,50,8580,268,350,4.6,0,0,0,0.22399999999999998,0,0,0,0,2,2,0,0,0,0
Mon Sep 14 2020,0,0,0,2,2,0,0,0,0,3,0,0,0,2,0,0,0,0,0,0,0,0,0,0,0,0,0,0,0
Tue Sep 15 2020,0,0,74.49,1953,89,3,7,15,37.37,527,154,22571,303,388,4.59,2.495,27.82,17.12,0.35,0,0,0,1,2,2,0,0,11,11
Wed Sep 16 2020,0,0,0,0,0,1,0,1,0,4,0,0,0,2,4.84,0,0,0,0.0105,0,0,0,0,2,2,0,0,0,0
Thu Sep 17 2020,0,0,71.8,2249,91,1,8,18,23.29,644,144,22402,312,437,2.32,0,13.635,31,0.42700000000000005,0,0,0,0,1,1,0,0,6,6
Fri Sep 18 2020,0,0,38.87,1019,55,0,6,7,23.05,443,140,11273,290,338,2.415,2.495,4.545,17,0.2205,0,0,0,1,1,1,0,0,2,2
Sat Sep 19 2020,0,0,0,0,0,0,0,1,0,0,0,0,0,0,4.21,0,0,0,0.0034999999999999996,0,0,0,0,2,2,0,0,0,0
Sun Sep 20 2020,0,0,37.67,1443,60,0,2,2,1.06,263,50,11451,304,194,2.32,0,21.05,10,0.133,0,0,0,0,1,1,0,0,9,9
Mon Sep 21 2020,0,0,0,0,0,1,0,0,0,0,0,0,0,0,0,0,0,0,0.006999999999999999,0,0,0,0,0,0,0,0,0,0
Tue Sep 22 2020,0,0,42.69,1911,67,1,4,8,8.39,357,99,12595,295,260,9.555,0,66.76,5.19,0.1925,0,0,0,0,4,4,0,0,28,28
Wed Sep 23 2020,0,0,0,0,0,0,0,2,0,2,0,0,0,2,2.265,0,0,0,0,0,0,0,0,1,1,0,0,0,0
Thu Sep 24 2020,0,0,32.79,1458,45,4,11,1,0.25,207,44,8033,242,141,10.175,2.495,4.475,1,0.11900000000000001,0,0,0,1,4,4,0,0,2,2
Fri Sep 25 2020,0,0,57.81,1731,65,0,1,3,31.07,396,105,17748,307,293,0,0,16.495,1,0.2065,0,0,0,0,0,0,0,0,7,7
Sat Sep 26 2020,0,0,0,0,0,5,0,2,0,3,0,0,0,1,2.145,0,0,0,0,0,0,0,0,1,1,0,0,0,0
Sun Sep 27 2020,0,0,37.24,1369,52,1,3,3,1.75,310,49,11099,298,219,4.7,0,2.175,1,0.17149999999999999,0,0,0,0,2,2,0,0,1,1
Mon Sep 28 2020,0,0,0,0,0,1,1,1,0,0,0,0,0,0,12.73,0,0,0,0,0,0,0,0,1,0,0,1,0,0
Tue Sep 29 2020,0,0,37.18,1291,48,3,1,4,6.96,294,73,11638,313,216,2.32,0,2.4,21.1,0.2625,0,0,0,0,1,1,0,0,1,1
Wed Sep 30 2020,0,0,0,0,0,0,0,0,0,0,0,0,0,0,2.28,0,0,0,0,0,0,0,0,1,1,0,0,0,0
Thu Oct 01 2020,0,0,60.99,3396,107,2,13,20,15.75,553,130,18786,308,358,7.235,0,294.9,154.34,0.315,0,0,0,0,3,3,0,0,124,124
Fri Oct 02 2020,0,0,29.72,899,37,2,5,2,0.11,208,42,5499,184,155,0,0,2.445,3.2,0.1365,0,0,0,0,0,0,0,0,1,1
Sat Oct 03 2020,0,0,0,0,0,5,0,0,0,1,0,0,0,1,6.635,0,0,0,0,0,0,0,0,3,3,0,0,0,0
Sun Oct 04 2020,0,0,62.95,1393,71,0,1,9,39.62,541,154,19326,307,311,2.315,0,12.095,2.2,0.2275,0,0,0,0,1,1,0,0,5,5
Mon Oct 05 2020,0,0,0,0,0,0,0,0,0,1,0,0,0,1,0,0,0,0,0,0,0,0,0,0,0,0,0,0,0
Tue Oct 06 2020,0,0,54.22,2113,75,0,8,18,9.25,647,179,16591,305,474,7.04,2.495,18.35,5.43,0.4025,0,0,0,1,3,3,0,0,8,8
Wed Oct 07 2020,0,0,0,0,0,2,0,0,0,0,0,0,0,0,2.405,0,0,0,0.0034999999999999996,0,0,0,0,1,1,0,0,0,0
Thu Oct 08 2020,0,0,36.16,1682,58,1,6,12,0.42,423,55,11029,305,318,2.19,0,52.915,17.05,0.23800000000000002,0,0,0,0,1,1,0,0,22,22
Fri Oct 09 2020,0,0,43.64,1458,69,8,4,15,0.89,555,62,13616,312,394,2.265,2.495,26.42,2.7,0.385,0,0,0,1,1,1,0,0,11,11
Sat Oct 10 2020,0,0,0,0,0,0,0,0,0,1,0,0,0,1,2.2,0,0,0,0,0,0,0,0,1,1,0,0,0,0
Sun Oct 11 2020,0,0,49.81,1368,56,1,1,18,6.32,657,65,15191,305,444,2.445,0,0,2.06,0.385,0,0,0,0,1,1,0,0,0,0
Mon Oct 12 2020,0,0,0,0,0,1,0,1,0,2,0,0,0,1,0,0,0,0,0,0,0,0,0,0,0,0,0,0,0
Tue Oct 13 2020,0,0,0,0,0,0,1,0,0,0,0,0,0,0,2.27,0,0,0,0,0,0,0,0,1,1,0,0,0,0
Wed Oct 14 2020,0,0,0,0,0,0,0,0,0,1,0,0,0,1,0,0,0,0,0,0,0,0,0,0,0,0,0,0,0
Thu Oct 15 2020,0,0,0,0,0,0,0,1,0,0,0,0,0,0,4.555,0,0,0,0,0,0,0,0,2,2,0,0,0,0
Fri Oct 16 2020,0,0,0,0,0,0,0,0,0,0,0,0,0,0,4.845,0,0,0,0,0,0,0,0,2,2,0,0,0,0
Sat Oct 17 2020,0,0,0,0,0,0,0,0,0,0,0,0,0,0,0,0,0,0,0,0,0,0,0,0,0,0,0,0,0
Sun Oct 18 2020,0,0,51.6,1805,82,0,5,32,17.7,793,179,18111,351,561,9.045,2.495,19.745,11.05,0.315,0,0,0,1,4,4,0,0,8,8
Mon Oct 19 2020,0,0,0,0,0,0,0,1,0,0,0,0,0,0,2.435,0,0,0,0,0,0,0,0,1,1,0,0,0,0
Tue Oct 20 2020,0,0,37.54,1282,58,5,7,6,0.01,331,56,11413,303,247,2.32,0,2.33,0.16,0.1575,0,0,0,0,1,1,0,0,1,1
Wed Oct 21 2020,0,0,0,0,0,0,1,0,0,0,0,0,0,0,0,0,0,0,0.059500000000000004,0,0,0,0,0,0,0,0,0,0
Thu Oct 22 2020,0,0,40.47,985,56,42,4,12,0.33,516,62,12384,306,378,7.21,0,2.39,1,0.245,0,0,0,0,3,3,0,0,1,1
Fri Oct 23 2020,0,0,0,0,0,1,0,1,0,0,0,0,0,0,0,0,0,0,0,0,0,0,0,0,0,0,0,0,0
Sat Oct 24 2020,0,0,0,0,0,0,0,0,0,0,0,0,0,0,10.31,0,0,0,0,0,0,0,0,4,4,0,0,0,0
Sun Oct 25 2020,0,0,64.97,1359,83,0,1,18,23.33,871,179,20142,310,626,0,0,2.22,0,0.504,0,0,0,0,0,0,0,0,1,1
Mon Oct 26 2020,0,0,0,0,0,0,0,0,0,1,0,0,0,1,2.175,0,0,0,0,0,0,0,0,1,1,0,0,0,0
Tue Oct 27 2020,0,0,56.6,1592,60,0,2,5,24.7,480,99,17829,315,362,2.14,2.495,6.875,5.06,0.1855,0,0,0,1,1,1,0,0,3,3
Wed Oct 28 2020,0,0,0,0,0,0,0,2,0,0,0,0,0,0,12.805,0,0,0,0,0,0,0,0,1,0,0,1,0,0
Thu Oct 29 2020,0,0,44.46,2104,76,6,5,11,0.89,426,60,15428,346,279,5.03,2.495,11.99,1.01,0.24850000000000003,0,0,0,1,2,2,0,0,5,5
Fri Oct 30 2020,0,0,36.97,1372,52,2,0,9,14.2,357,120,11164,301,273,2.275,2.495,4.58,8.01,0.24850000000000003,0,0,0,1,1,1,0,0,2,2
Sat Oct 31 2020,0,0,0,0,0,2,0,1,0,1,0,0,0,1,0,0,0,0,0.0034999999999999996,0,0,0,0,0,0,0,0,0,0
Sun Nov 01 2020,0,0,57.49,1610,67,2,3,13,8.05,633,81,17822,309,449,9.535,4.99,6.745,0,0.39899999999999997,0,0,0,2,4,4,0,0,3,3
Mon Nov 02 2020,0,0,0,0,0,0,0,0,0,0,0,0,0,0,0,0,0,0,0.0034999999999999996,0,0,0,0,0,0,0,0,0,0
Tue Nov 03 2020,0,0,48.46,1502,75,1,11,6,9.9,573,61,15604,322,396,7.175,0,9.155,3.31,0.364,0,0,0,0,3,3,0,0,4,4
Wed Nov 04 2020,0,0,0,0,0,1,0,0,0,4,0,0,0,1,2.315,0,0,0,0.0034999999999999996,0,0,0,0,1,1,0,0,0,0
Thu Nov 05 2020,0,0,30.07,1258,47,0,3,9,0.01,278,46,8178,272,186,4.725,0,0,5.05,0.266,0,0,0,0,2,2,0,0,0,0
Fri Nov 06 2020,0,0,33.22,2762,56,2,2,4,0.29,255,68,10597,318,185,9.53,2.495,72.355,28.53,0.203,0,0,0,1,4,4,0,0,32,32
Sat Nov 07 2020,0,0,0,0,0,0,0,0,0,0,0,0,0,0,2.455,0,0,0,0.006999999999999999,0,0,0,0,1,1,0,0,0,0
Sun Nov 08 2020,0,0,33.06,1493,59,0,1,7,3.44,257,55,9919,299,189,2.215,0,0,0,0.1505,0,0,0,0,1,1,0,0,0,0
Mon Nov 09 2020,0,0,0,2,2,0,0,0,0,2,0,0,0,2,2.265,0,0,0,0.0034999999999999996,0,0,0,0,1,1,0,0,0,0
Tue Nov 10 2020,0,0,52.19,2983,80,0,7,9,9.79,434,123,19051,365,304,7.045,0,4.6,6.75,0.294,0,0,0,0,3,3,0,0,2,2
Wed Nov 11 2020,0,0,0,0,0,0,0,1,0,0,0,0,0,0,2.44,0,0,0,0.021,0,0,0,0,1,1,0,0,0,0
Thu Nov 12 2020,0,0,42.78,1688,72,3,7,8,10.09,321,73,13004,305,231,0,4.99,0,16.47,0.19949999999999998,0,0,0,2,0,0,0,0,0,0
Fri Nov 13 2020,0,0,37.21,2339,49,2,3,4,0,251,58,12726,343,190,2.27,0,7.75,10,0.21,0,0,0,0,1,1,0,0,3,3
Sat Nov 14 2020,0,0,0,0,0,0,0,0,0,0,0,0,0,0,0,0,0,0,0.0034999999999999996,0,0,0,0,0,0,0,0,0,0
Sun Nov 15 2020,0,0,0,0,0,0,0,0,0,0,0,0,0,0,4.585,0,0,0,0,0,0,0,0,2,2,0,0,0,0
Mon Nov 16 2020,0,0,0,0,0,0,0,0,0,0,0,0,0,0,4.85,0,0,0,0,0,0,0,0,2,2,0,0,0,0
Tue Nov 17 2020,0,0,0,0,0,0,0,0,0,0,0,0,0,0,0,0,0,0,0,0,0,0,0,0,0,0,0,0,0
Wed Nov 18 2020,0,0,0,0,0,0,0,0,0,0,0,0,0,0,2.415,0,0,0,0,0,0,0,0,1,1,0,0,0,0
Thu Nov 19 2020,0,0,0,0,0,0,0,0,0,1,0,0,0,1,2.49,0,0,0,0,0,0,0,0,1,1,0,0,0,0
Fri Nov 20 2020,0,0,0,0,0,0,0,0,0,0,0,0,0,0,0,0,0,0,0,0,0,0,0,0,0,0,0,0,0
Sat Nov 21 2020,0,0,0,0,0,0,0,1,0,0,0,0,0,0,0,0,0,0,0,0,0,0,0,0,0,0,0,0,0
Sun Nov 22 2020,0,0,31.47,1810,52,1,0,2,1.22,236,48,7300,231,154,7.215,0,79.88,36.6,0.11199999999999999,0,0,0,0,3,3,0,0,34,34
Mon Nov 23 2020,0,0,0,0,0,0,0,0,0,0,0,0,0,0,0,0,0,0,0.0034999999999999996,0,0,0,0,0,0,0,0,0,0
Tue Nov 24 2020,0,0,0,0,0,0,0,1,0,0,0,0,0,0,10.87,0,0,0,0.0034999999999999996,0,0,0,0,4,4,0,0,0,0
Wed Nov 25 2020,0,0,0,0,0,0,0,0,0,0,0,0,0,0,0,0,0,0,0.0034999999999999996,0,0,0,0,0,0,0,0,0,0
Thu Nov 26 2020,0,0,0,0,0,0,0,0,0,0,0,0,0,0,0,0,0,0,0.0034999999999999996,0,0,0,0,0,0,0,0,0,0
Fri Nov 27 2020,0,0,0,0,0,0,0,0,0,0,0,0,0,0,0,0,0,0,0.0034999999999999996,0,0,0,0,0,0,0,0,0,0
Sat Nov 28 2020,0,0,0,0,0,0,0,0,0,2,0,0,0,1,13.155,2.495,0,0,0.0034999999999999996,0,0,0,1,1,0,0,1,0,0
Sun Nov 29 2020,0,0,0,0,0,0,0,0,0,0,0,0,0,0,2.32,0,0,0,0.0034999999999999996,0,0,0,0,1,1,0,0,0,0
Mon Nov 30 2020,0,0,0,0,0,0,0,0,0,0,0,0,0,0,2.335,0,0,0,0,0,0,0,0,1,1,0,0,0,0
Tue Dec 01 2020,0,0,33.18,1502,60,0,0,2,0.4,199,47,8495,256,144,7.15,4.99,84.165,36.9,0.098,0,0,0,2,3,3,0,0,34,34
Wed Dec 02 2020,0,0,0,0,0,0,0,0,0,0,0,0,0,0,0,0,0,0,0.0034999999999999996,0,0,0,0,0,0,0,0,0,0
Thu Dec 03 2020,0,0,0,0,0,0,0,0,0,0,0,0,0,0,7.305,0,0,0,0.006999999999999999,0,0,0,0,3,3,0,0,0,0
Fri Dec 04 2020,0,0,0,0,0,0,0,0,0,0,0,0,0,0,2.315,0,0,0,0.006999999999999999,0,0,0,0,1,1,0,0,0,0
Sat Dec 05 2020,0,0,0,0,0,0,0,0,0,0,0,0,0,0,4.75,0,0,0,0.0034999999999999996,0,0,0,0,2,2,0,0,0,0
Sun Dec 06 2020,0,0,59.51,1917,83,0,1,9,24.58,639,97,18924,312,507,7.01,7.485,51.655,21,0.35,0,0,0,3,3,3,0,0,21,21
Mon Dec 07 2020,0,0,0,0,0,2,0,1,0,1,0,0,0,1,2.5,0,0,0,0,0,0,0,0,1,1,0,0,0,0
Tue Dec 08 2020,0,0,39.21,1492,64,0,2,8,1.69,552,55,12743,324,406,4.58,0,4.805,2.2,0.385,0,0,0,0,2,2,0,0,2,2
Wed Dec 09 2020,0,0,0,0,0,1,0,0,0,0,0,0,0,0,0,0,0,0,0,0,0,0,0,0,0,0,0,0,0
Thu Dec 10 2020,0,0,46.21,1002,57,0,2,12,3.42,456,69,12570,265,342,9.86,0,2.25,1,0.3185,0,0,0,0,4,4,0,0,1,1
Fri Dec 11 2020,0,0,0,0,0,1,0,1,0,0,0,0,0,0,2.38,0,0,0,0,0,0,0,0,1,1,0,0,0,0
Sat Dec 12 2020,0,0,0,0,0,0,0,0,0,0,0,0,0,0,2.38,0,0,0,0,0,0,0,0,1,1,0,0,0,0
Sun Dec 13 2020,0,0,45.2,1325,73,0,0,15,11.93,734,96,14148,310,573,2.18,0,4.55,3,0.483,0,0,0,0,1,1,0,0,2,2
Mon Dec 14 2020,0,0,0,0,0,0,0,2,0,0,0,0,0,0,0,0,0,0,0,0,0,0,0,0,0,0,0,0,0
Tue Dec 15 2020,0,0,50.16,1420,73,0,1,5,22.25,408,108,15350,306,301,4.71,2.495,5.23,10.01,0.3325,0,0,0,1,2,2,0,0,2,2
Wed Dec 16 2020,0,0,0,0,0,2,0,0,0,0,0,0,0,0,4.66,0,0,0,0.021,0,0,0,0,2,2,0,0,0,0
Thu Dec 17 2020,0,0,0,0,0,1,0,0,0,1,0,0,0,1,0,0,0,0,0.027999999999999997,0,0,0,0,0,0,0,0,0,0
Fri Dec 18 2020,0,0,0,0,0,0,0,0,0,0,0,0,0,0,2.42,0,0,0,0,0,0,0,0,1,1,0,0,0,0
Sat Dec 19 2020,0,0,0,0,0,0,0,1,0,3,0,0,0,1,0,0,0,0,0.0034999999999999996,0,0,0,0,0,0,0,0,0,0
Sun Dec 20 2020,0,0,0,0,0,0,0,1,0,0,0,0,0,0,0,0,0,0,0.0034999999999999996,0,0,0,0,0,0,0,0,0,0
Mon Dec 21 2020,0,0,0,0,0,0,0,0,0,0,0,0,0,0,0,0,0,0,0,0,0,0,0,0,0,0,0,0,0
Tue Dec 22 2020,0,0,26.11,830,41,0,2,1,0.03,194,35,7181,275,144,9.78,0,2.38,0,0.17850000000000002,0,0,0,0,4,4,0,0,2,2
Wed Dec 23 2020,0,0,0,0,0,0,0,1,0,0,0,0,0,0,0,0,0,0,0,0,0,0,0,0,0,0,0,0,0
Thu Dec 24 2020,0,0,62.81,2013,81,2,15,19,42.99,525,215,21229,335,422,13.515,0,19.235,113.05,0.42700000000000005,0,0,0,0,5,5,0,0,8,8
Fri Dec 25 2020,0,0,39.3,1322,55,2,6,7,0.66,231,55,10336,262,163,0,0,0,24.26,0.21,0,0,0,0,0,0,0,0,0,0
Sat Dec 26 2020,0,0,0,147,2,1,0,0,0,0,0,0,0,0,0,0,0,0,0,0,0,0,0,0,0,0,0,0,0
Sun Dec 27 2020,0,0,45.69,1835,58,1,4,13,7.53,466,76,13660,299,331,0,0,26.635,2.25,0.315,0,0,0,0,0,0,0,0,10,10
Mon Dec 28 2020,0,0,0,3,1,0,0,0,0,2,0,0,0,1,13.465,0,0,0,0,0,0,0,0,1,0,0,1,0,0
Tue Dec 29 2020,0,0,46.29,2543,86,0,4,18,18.99,443,132,15231,329,325,4.635,2.495,22.725,5.51,0.2415,0,0,0,1,2,2,0,0,9,9
Wed Dec 30 2020,0,0,0,0,0,0,0,2,0,2,0,0,0,2,2.46,0,0,0,0,0,0,0,0,1,1,0,0,0,0
Thu Dec 31 2020,0,0,0,0,0,0,0,0,0,0,0,0,0,0,0,0,0,0,0,0,0,0,0,0,0,0,0,0,0
Fri Jan 01 2021,0,0,0,0,0,0,0,0,0,0,0,0,0,0,7.27,0,0,0,0,0,0,0,0,3,3,0,0,0,0
Sat Jan 02 2021,0,0,0,0,0,0,0,0,0,0,0,0,0,0,0,0,0,0,0,0,0,0,0,0,0,0,0,0,0
Sun Jan 03 2021,0,0,45.52,1856,69,1,9,6,16.69,442,95,14521,318,327,19.335,2.495,17.425,4.94,0.091,0,0,0,1,8,8,0,0,7,7
Mon Jan 04 2021,0,0,0,0,0,0,0,0,0,0,0,0,0,0,2.37,0,0,0,0,0,0,0,0,1,1,0,0,0,0
Tue Jan 05 2021,0,0,50.65,1823,67,1,6,12,18.89,536,205,16968,334,452,2.35,0,19.28,16.1,0.126,0,0,0,0,1,1,0,0,8,8
Wed Jan 06 2021,0,0,0,51,3,1,0,0,0,0,0,0,0,0,9.425,2.495,0,0,0,0,0,0,1,4,4,0,0,0,0
Thu Jan 07 2021,0,0,36.98,1513,54,0,1,9,1.84,253,55,11501,310,198,5.125,0,13.295,5.75,0.059500000000000004,0,0,0,0,2,2,0,0,5,5
Fri Jan 08 2021,0,0,0,0,0,1,0,6,0,0,0,0,0,0,4.67,0,0,0,0,0,0,0,0,2,2,0,0,0,0
Sat Jan 09 2021,0,0,0,0,0,0,0,0,0,0,0,0,0,0,0,0,0,0,0,0,0,0,0,0,0,0,0,0,0
Sun Jan 10 2021,0,0,0,0,0,0,0,2,0,0,0,0,0,0,9.97,0,0,0,0,0,0,0,0,4,4,0,0,0,0
Mon Jan 11 2021,0,0,0,0,0,1,0,0,0,0,0,0,0,0,2.38,0,0,0,0,0,0,0,0,1,1,0,0,0,0
Tue Jan 12 2021,0,0,34.98,1595,69,0,0,15,5.62,468,69,12943,370,339,4.985,0,2.255,3,0.1505,0,0,0,0,2,2,0,0,1,1
Wed Jan 13 2021,0,0,0,0,0,0,0,2,0,0,0,0,0,0,2.165,0,0,0,0,0,0,0,0,1,1,0,0,0,0
Thu Jan 14 2021,0,0,0,0,0,0,0,2,0,0,0,0,0,0,0,0,0,0,0,0,0,0,0,0,0,0,0,0,0
Fri Jan 15 2021,0,0,0,0,0,0,0,3,0,0,0,0,0,0,4.55,0,0,0,0,0,0,0,0,2,2,0,0,0,0
Sat Jan 16 2021,0,0,0,14,2,0,0,2,0,1,0,0,0,1,4.695,0,0,0,0,0,0,0,0,2,2,0,0,0,0
Sun Jan 17 2021,0,0,47.42,1883,72,0,1,9,17.1,512,94,14985,316,394,2.165,2.495,0,12.51,0.1155,0,0,0,1,1,1,0,0,0,0
Mon Jan 18 2021,0,0,0,9,2,0,0,0,0,0,0,0,0,0,2.42,0,0,0,0,0,0,0,0,1,1,0,0,0,0
Tue Jan 19 2021,0,0,0,0,0,0,0,0,0,0,0,0,0,0,0,0,0,0,0,0,0,0,0,0,0,0,0,0,0
Wed Jan 20 2021,0,0,0,0,0,0,0,0,0,0,0,0,0,0,0,0,0,0,0,0,0,0,0,0,0,0,0,0,0
Thu Jan 21 2021,0,0,0,0,0,0,0,0,0,0,0,0,0,0,0,0,0,0,0,0,0,0,0,0,0,0,0,0,0
Fri Jan 22 2021,0,0,0,0,0,0,0,1,0,0,0,0,0,0,9.9,0,0,0,0.0385,0,0,0,0,4,4,0,0,0,0
Sat Jan 23 2021,0,0,0,0,0,0,0,1,0,0,0,0,0,0,0,0,0,0,0.0034999999999999996,0,0,0,0,0,0,0,0,0,0
Sun Jan 24 2021,0,0,0,0,0,0,0,0,0,0,0,0,0,0,10.78,0,0,0,0,0,0,0,0,4,4,0,0,0,0
Mon Jan 25 2021,0,0,0,0,0,0,0,0,0,0,0,0,0,0,0,0,0,0,0,0,0,0,0,0,0,0,0,0,0
Tue Jan 26 2021,0,0,0,0,0,0,0,4,0,0,0,0,0,0,0,0,0,0,0,0,0,0,0,0,0,0,0,0,0
Wed Jan 27 2021,0,0,0,0,0,0,0,0,0,0,0,0,0,0,0,0,0,0,0,0,0,0,0,0,0,0,0,0,0
Thu Jan 28 2021,0,0,0,0,0,0,0,0,0,0,0,0,0,0,13.555,0,0,0,0,0,0,0,0,1,0,0,1,0,0
Fri Jan 29 2021,0,0,0,0,0,0,0,0,0,0,0,0,0,0,0,0,0,0,0,0,0,0,0,0,0,0,0,0,0
Sat Jan 30 2021,0,0,0,0,0,0,0,0,0,1,0,0,0,1,2.215,0,0,0,0,0,0,0,0,1,1,0,0,0,0
Sun Jan 31 2021,0,0,0,0,0,0,0,0,0,0,0,0,0,0,0,0,0,0,0,0,0,0,0,0,0,0,0,0,0
Mon Feb 01 2021,0,0,0,0,0,0,0,0,0,0,0,0,0,0,4.55,2.495,0,0,0,0,0,0,1,2,2,0,0,0,0
Tue Feb 02 2021,0,0,0,12,2,0,0,1,0,0,0,0,0,0,0,0,0,0,0,0,0,0,0,0,0,0,0,0,0
Wed Feb 03 2021,0,0,0,0,0,0,0,0,0,0,0,0,0,0,12.54,0,0,0,0,0,0,0,0,5,5,0,0,0,0
Thu Feb 04 2021,0,0,0,0,0,0,0,0,0,0,0,0,0,0,2.37,0,0,0,0,0,0,0,0,1,1,0,0,0,0
Fri Feb 05 2021,0,0,0,0,0,0,0,0,0,0,0,0,0,0,0,0,0,0,0,0,0,0,0,0,0,0,0,0,0
Sat Feb 06 2021,0,0,0,4,1,0,0,2,0,0,0,0,0,0,6.8,0,0,0,0,0,0,0,0,3,3,0,0,0,0
Sun Feb 07 2021,0,0,0,3,2,0,0,0,0,1,0,0,0,1,2.62,2.495,0,0,0,0,0,0,1,1,1,0,0,0,0
Mon Feb 08 2021,0,0,0,0,0,0,0,0,0,0,0,0,0,0,4.55,0,0,0,0.0034999999999999996,0,0,0,0,2,2,0,0,0,0
Tue Feb 09 2021,0,0,28.7,1230,65,0,2,5,3.93,283,43,8353,292,200,9.805,0,11.86,22.06,0.16449999999999998,0,0,0,0,4,4,0,0,5,5
Wed Feb 10 2021,0,0,0,0,0,0,0,3,0,1,0,0,0,1,2.175,0,0,0,0,0,0,0,0,1,1,0,0,0,0
Thu Feb 11 2021,0.5,5.9,36.81,1285,61,0,0,7,2.11,255,50,11189,305,184,7.05,0,134.68,38.12,0.11199999999999999,0,0,0,0,3,3,0,0,51,51
Fri Feb 12 2021,0,0,0,18,2,0,0,0,0,0,0,0,0,0,4.92,0,0,0,0.0034999999999999996,0,0,0,0,2,2,0,0,0,0
Sat Feb 13 2021,0,0,0,4,2,0,0,1,0,0,0,0,0,0,2.045,0,0,0,0.006999999999999999,0,0,0,0,1,1,0,0,0,0
Sun Feb 14 2021,0,0,28.83,710,43,0,0,1,4.25,227,51,7841,273,166,0,0,2.22,1,0.1295,0,0,0,0,0,0,0,0,1,1
Mon Feb 15 2021,0,0,0,0,0,0,0,0,0,0,0,0,0,0,4.55,0,0,0,0.0034999999999999996,0,0,0,0,2,2,0,0,0,0
Tue Feb 16 2021,0,0,29.08,953,44,10,0,1,4.6,227,49,10091,347,165,2.43,0,0,2.75,0.11900000000000001,0,0,0,0,1,1,0,0,0,0
Wed Feb 17 2021,0,0,0,0,0,0,0,1,0,0,0,0,0,0,0,0,0,0,0.0034999999999999996,0,0,0,0,0,0,0,0,0,0
Thu Feb 18 2021,0,0,24.82,1012,40,1,4,1,4.71,225,46,8214,330,167,2.425,0,20.92,3.5,0.1155,0,0,0,0,1,1,0,0,8,8
Fri Feb 19 2021,0,0,0,0,0,0,0,0,0,0,0,0,0,0,0,0,0,0,0.0034999999999999996,0,0,0,0,0,0,0,0,0,0
Sat Feb 20 2021,0,0,0,0,0,0,0,0,0,1,0,0,0,1,2.1,0,0,0,0,0,0,0,0,1,1,0,0,0,0
Sun Feb 21 2021,0,0,53.22,1992,71,0,2,15,29.78,427,124,19318,363,320,2.3,0,39.04,20.09,0.19949999999999998,0,0,0,0,1,1,0,0,16,16
Mon Feb 22 2021,0,0,0,0,0,0,0,1,0,0,0,0,0,0,7.535,0,0,0,0,0,0,0,0,3,3,0,0,0,0
Tue Feb 23 2021,0.5,5.88,81.68,1547,97,2,2,31,30.18,943,161,24912,306,650,2.43,0,2.225,27.9,0.469,0,0,0,0,1,1,0,0,1,1
Wed Feb 24 2021,0,0,0,0,0,5,0,0,0,2,0,0,0,2,7.805,0,0,0,0.006999999999999999,0,0,0,0,3,3,0,0,0,0
Thu Feb 25 2021,0,0,57.76,1644,72,2,9,15,5.91,413,78,17097,296,284,2.37,0,0,19.79,0.231,0,0,0,0,1,1,0,0,0,0
Fri Feb 26 2021,0,0,0,0,0,4,0,0,0,0,0,0,0,0,0,0,0,0,0.0034999999999999996,0,0,0,0,0,0,0,0,0,0
Sat Feb 27 2021,0,0,0,0,0,0,0,0,0,0,0,0,0,0,0,0,0,0,0.021,0,0,0,0,0,0,0,0,0,0
Sun Feb 28 2021,0,0,45.32,1879,57,0,1,10,10.41,558,64,14050,309,386,16.005,2.495,4.55,7.91,0.2625,0,0,0,1,2,1,0,1,2,2
Mon Mar 01 2021,0,0,46.19,1052,56,0,0,7,2.07,475,66,14412,312,349,2.42,4.99,0,4.75,0.217,0,0,0,2,1,1,0,0,0,0
Tue Mar 02 2021,0,0,0,0,0,0,0,0,0,0,0,0,0,0,0,0,0,0,0.013999999999999999,0,0,0,0,0,0,0,0,0,0
Wed Mar 03 2021,0,0,64.54,1381,61,1,1,13,30.06,757,120,22074,341,541,9.915,0,2.21,3.77,0.39549999999999996,0,0,0,0,4,4,0,0,1,1
Thu Mar 04 2021,0,0,72.35,1556,95,4,6,17,10.99,642,161,22936,317,466,2.37,0,0,10.7,0.35700000000000004,0,0,0,0,1,1,0,0,0,0
Fri Mar 05 2021,0,0,0,6,2,0,0,2,0,2,0,0,0,2,2.3,0,0,0,0.0034999999999999996,0,0,0,0,1,1,0,0,0,0
Sat Mar 06 2021,0,0,0,0,0,0,0,0,0,0,0,0,0,0,4.45,0,0,0,0.0034999999999999996,0,0,0,0,2,2,0,0,0,0
Sun Mar 07 2021,0,0,54.81,1641,74,0,4,19,6.67,801,125,16827,306,517,4.965,2.495,0,13.05,0.322,0,0,0,1,2,2,0,0,0,0
Mon Mar 08 2021,0.5,5.56,46.59,1289,57,2,1,18,0.37,627,65,15096,324,443,9.505,0,0,23.05,0.266,0,0,0,0,4,4,0,0,0,0
Tue Mar 09 2021,0,0,0,0,0,0,0,0,0,0,0,0,0,0,4.67,0,0,0,0.0034999999999999996,0,0,0,0,2,2,0,0,0,0
Wed Mar 10 2021,0,0,0,0,0,0,0,0,0,0,0,0,0,0,2.13,0,0,0,0,0,0,0,0,1,1,0,0,0,0
Thu Mar 11 2021,0,0,44.82,1725,67,0,6,10,0.11,356,70,14790,329,273,13.895,0,2.15,9.78,0.196,0,0,0,0,6,6,0,0,1,1
Fri Mar 12 2021,0,0,0,13,2,1,0,4,0,0,0,0,0,0,0,0,0,0,0.0105,0,0,0,0,0,0,0,0,0,0
Sat Mar 13 2021,0,0,0,0,0,0,0,1,0,0,0,0,0,0,0,0,0,0,0,0,0,0,0,0,0,0,0,0,0
Sun Mar 14 2021,0.5,5.5,52.68,1474,57,3,0,21,0.33,826,79,17278,327,547,0,0,14.83,100.01,0.315,0,0,0,0,0,0,0,0,6,6
Mon Mar 15 2021,0.5,4.93,74.26,2169,93,0,3,25,25.66,1027,268,27105,365,781,9.03,0,2.38,37.27,0.46549999999999997,0,0,0,0,4,4,0,0,1,1
Tue Mar 16 2021,0,0,0,0,0,0,0,2,0,0,0,0,0,0,0,0,0,0,0.035,0,0,0,0,0,0,0,0,0,0
Wed Mar 17 2021,0.5,5.23,52.27,1511,64,0,1,15,1.74,725,79,17929,344,486,5.245,0,2.235,18.51,0.3465,0,0,0,0,2,2,0,0,1,1
Thu Mar 18 2021,0,0,44.38,1221,63,5,2,15,1.34,520,65,13313,300,371,11.795,0,67.795,2.25,0.27649999999999997,0,0,0,0,5,5,0,0,28,28
Fri Mar 19 2021,0,0,0,0,0,6,0,1,0,0,0,0,0,0,0,0,0,0,0,0,0,0,0,0,0,0,0,0,0
Sat Mar 20 2021,0,0,0,0,0,0,0,0,0,0,0,0,0,0,0,0,0,0,0.0034999999999999996,0,0,0,0,0,0,0,0,0,0
Sun Mar 21 2021,0,0,49.8,1534,71,7,1,16,3.62,747,70,15687,315,499,4.4,0,0,3.98,0.385,0,0,0,0,2,2,0,0,0,0
Mon Mar 22 2021,0,0,49.11,1053,69,2,0,12,8.38,682,163,14683,298,505,7.7,0,2.38,5.29,0.34299999999999997,0,0,0,0,3,3,0,0,1,1
Tue Mar 23 2021,0,0,0,0,0,0,0,0,0,2,0,0,0,1,2.435,0,0,0,0,0,0,0,0,1,1,0,0,0,0
Wed Mar 24 2021,0,0,57.84,1351,75,0,2,8,27.43,588,316,17874,308,450,4.9,2.495,14.025,14.51,0.273,0,0,0,1,2,2,0,0,6,6
Thu Mar 25 2021,0,0,43.91,1378,69,11,8,12,0.02,452,66,15456,352,320,4.96,2.495,9.385,21.01,0.28350000000000003,0,0,0,1,2,2,0,0,4,4
Fri Mar 26 2021,0,0,0,0,0,10,0,0,0,0,0,0,0,0,0,0,0,0,0,0,0,0,0,0,0,0,0,0,0
Sat Mar 27 2021,0,0,0,0,0,0,0,0,0,0,0,0,0,0,0,0,0,0,0.0105,0,0,0,0,0,0,0,0,0,0
Sun Mar 28 2021,0.5,5.33,53.84,1659,76,4,7,21,5.95,989,118,18198,338,644,13.67,0,8.77,9.94,0.5215,0,0,0,0,1,0,0,1,4,4
Mon Mar 29 2021,0.5,5.25,50.39,1411,57,5,3,7,3.4,555,68,17285,343,413,0,0,19.055,13.59,0.371,0,0,0,0,0,0,0,0,8,8
Tue Mar 30 2021,0,0,0,0,0,0,0,0,0,10,0,0,0,1,2.14,0,0,0,0,0,0,0,0,1,1,0,0,0,0
Wed Mar 31 2021,0,0,46.51,1558,52,0,3,14,0.28,478,67,16605,357,368,4.685,0,11.87,7.72,0.3325,0,0,0,0,2,2,0,0,5,5
Thu Apr 01 2021,0,0,49.53,1116,62,0,2,7,15.63,490,67,16394,329,375,2.395,2.495,2.205,7.78,0.2975,0,0,0,1,1,1,0,0,1,1
Fri Apr 02 2021,0,0,0,0,0,0,0,2,0,1,0,0,0,1,0,0,0,0,0,0,0,0,0,0,0,0,0,0,0
Sat Apr 03 2021,0,0,0,4,2,0,0,0,0,3,0,0,0,1,9.86,0,0,0,0,0,0,0,0,4,4,0,0,0,0
Sun Apr 04 2021,0,0,60.65,1945,85,10,11,14,11.12,1053,131,22442,370,651,7.19,2.495,19.19,28.65,0.35700000000000004,0,0,0,1,2,1,1,0,8,8
Mon Apr 05 2021,0,0,52.9,1709,54,4,4,6,0.74,431,71,17773,336,302,9.975,0,22.84,29.37,0.2415,0,0,0,0,4,4,0,0,10,10
Tue Apr 06 2021,0,0,0,0,0,1,0,0,0,3,0,0,0,3,2.27,0,0,0,0.049,0,0,0,0,1,1,0,0,0,0
Wed Apr 07 2021,0,0,61.01,1627,74,0,2,7,15.57,747,111,20989,344,473,4.955,4.99,60.93,12.52,0.2905,0,0,0,2,2,2,0,0,24,24
Thu Apr 08 2021,0,0,54.43,1622,79,10,12,19138,14.69,532,82,20467,377,380,9.475,0,0,32.47,0.287,0,0,0,0,4,4,0,0,0,0
Fri Apr 09 2021,0,0,0,0,0,7,0,0,0,2,0,0,0,2,4.66,0,0,0,0.0034999999999999996,0,0,0,0,2,2,0,0,0,0
Sat Apr 10 2021,0,0,0,6,2,0,0,1,0,2,0,0,0,2,2.13,0,0,0,0,0,0,0,0,1,1,0,0,0,0
Sun Apr 11 2021,0,0,58.01,1928,71,2,4,12,2.74,672,85,19318,333,458,13.995,0,39.465,47.5,0.294,0,0,0,0,6,6,0,0,17,17
Mon Apr 12 2021,0,0,35.97,1650,57,8,9,7,0.02,309,54,12336,342,227,4.275,0,0,7.25,0.11900000000000001,0,0,0,0,2,2,0,0,0,0
Tue Apr 13 2021,0,0,0,171,3,2,0,0,0,0,0,0,0,0,0,0,0,0,0,0,0,0,0,0,0,0,0,0,0
Wed Apr 14 2021,1.5,15.7,57.83,1766,70,0,1,13,4.71,683,78,19893,344,471,5.51,0,12.055,9.94,0.32899999999999996,0,0,0,0,2,2,0,0,5,5
Thu Apr 15 2021,0,0,42.45,1375,71,0,3,12,1.88,676,70,14305,336,438,6.905,2.495,35.635,53.46,0.259,0,0,0,1,3,3,0,0,15,15
Fri Apr 16 2021,0,0,0,16,2,3,0,0,0,1,0,0,0,1,0,0,0,0,0,0,0,0,0,0,0,0,0,0,0
Sat Apr 17 2021,0,0,0,32,2,0,0,0,0,1,0,0,0,1,5.24,0,0,0,0,0,0,0,0,2,2,0,0,0,0
Sun Apr 18 2021,0,0,56.58,1813,72,0,3,11,0.75,795,75,20257,358,521,9.725,0,36.905,117.4,0.287,0,0,0,0,4,4,0,0,15,15
Mon Apr 19 2021,0,0,50.8,1452,75,4,2,4,7.54,477,99,17372,342,334,0,0,0,6.56,0.252,0,0,0,0,0,0,0,0,0,0
Tue Apr 20 2021,0,0,0,133,3,0,0,0,0,1,0,0,0,1,0,0,0,0,0.0105,0,0,0,0,0,0,0,0,0,0
Wed Apr 21 2021,0,0,40.8,1419,60,0,3,11,1.37,580,61,13748,308,388,2.42,0,19.095,23.12,0.2205,0,0,0,0,1,1,0,0,8,8
Thu Apr 22 2021,0,0,0,0,0,3,0,1,0,0,0,0,0,0,4.95,0,0,0,0.0034999999999999996,0,0,0,0,2,2,0,0,0,0
Fri Apr 23 2021,0,0,0,0,0,0,0,1,0,1,0,0,0,1,2.44,0,0,0,0,0,0,0,0,1,1,0,0,0,0
Sat Apr 24 2021,0,0,0,0,0,0,0,1,0,3,0,0,0,1,5.02,0,0,0,0.006999999999999999,0,0,0,0,2,2,0,0,0,0
Sun Apr 25 2021,0,0,45.19,1560,61,0,3,19,0.32,659,63,16043,354,418,7.125,2.495,0,7.25,0.32549999999999996,0,0,0,1,3,3,0,0,0,0
Mon Apr 26 2021,1,9.78,44.3,1462,50,4,1,9,0.51,392,62,16346,368,260,0,0,12.055,9.9,0.17149999999999999,0,0,0,0,0,0,0,0,5,5
Tue Apr 27 2021,0,0,0,0,0,0,0,0,0,4,0,0,0,2,0,0,0,0,0.0034999999999999996,0,0,0,0,0,0,0,0,0,0
Wed Apr 28 2021,0,0,47.13,1341,68,2,1,15,5.12,658,100,15363,326,514,16.075,0,16.72,12.51,0.2695,0,0,0,0,2,1,0,1,7,7
Thu Apr 29 2021,0,0,39.9,1529,46,1,7,12,1.08,560,57,12490,313,386,0,0,10.38,32.66,0.2695,0,0,0,0,0,0,0,0,4,4
Fri Apr 30 2021,0,0,0,0,0,1,0,1,0,3,0,0,0,2,9.495,0,0,0,0,0,0,0,0,4,4,0,0,0,0
Sat May 01 2021,0,0,0,0,0,0,0,8,0,2,0,0,0,1,2.4,0,0,0,0.006999999999999999,0,0,0,0,1,1,0,0,0,0
Sun May 02 2021,0,0,102.62,2194,101,0,7,28,30.47,1176,169,37457,365,781,0,0,33.59,80.88,0.49700000000000005,0,0,0,0,0,0,0,0,14,14
Mon May 03 2021,0,0,58.01,1692,77,3,1,7,9.49,463,80,19841,342,313,14.685,0,12.055,74.9,0.2065,0,0,0,0,6,6,0,0,5,5
Tue May 04 2021,0,0,0,0,0,2,0,1,0,2,0,0,1,2,7.19,0,0,0,0.0034999999999999996,0,0,0,0,2,1,1,0,0,0
Wed May 05 2021,0,0,48.24,1538,61,0,0,5,2.71,353,61,17415,360,257,9.99,0,27.77,5.26,0.16449999999999998,0,0,0,0,4,4,0,0,10,10
Thu May 06 2021,0.5,5.39,58.56,1654,76,1,5,14,4.07,749,128,19499,334,493,4.56,0,16.325,4.19,0.294,0,0,0,0,2,2,0,0,7,7
Fri May 07 2021,0,0,0,1,1,5,0,2,0,0,0,0,0,0,5.01,2.495,0,0,0,0,0,0,1,2,2,0,0,0,0
Sat May 08 2021,0,0,0,58,2,0,0,0,0,2,0,0,0,1,9.58,0,0,0,0.0034999999999999996,0,0,0,0,4,4,0,0,0,0
Sun May 09 2021,0,0,52.08,5905,89,0,5,8,0.81,510,71,18958,364,339,4.73,0,6.63,6.75,0.19949999999999998,0,0,0,0,2,2,0,0,3,3
Mon May 10 2021,0,0,53.09,1311,56,3,2,4,1.3,427,70,17627,331,302,2.175,0,0,7,0.1155,0,0,0,0,1,1,0,0,0,0
Tue May 11 2021,0,0,0,64,2,0,0,0,0,5,0,0,0,1,11.735,0,0,0,0.0034999999999999996,0,0,0,0,5,5,0,0,0,0
Wed May 12 2021,0.5,4.95,53.52,2270,81,0,4,11,21.66,721,114,19535,364,500,0,0,6.72,1.25,0.3465,0,0,0,0,0,0,0,0,3,3
Thu May 13 2021,0,0,56.43,1828,82,3,5,14,4.44,731,79,20598,365,463,5.115,2.495,0,2.75,0.266,0,0,0,1,2,2,0,0,0,0
Fri May 14 2021,0,0,0,0,0,3,0,1,0,16,0,0,0,4,2.655,0,0,0,0.0034999999999999996,0,0,0,0,1,1,0,0,0,0
Sat May 15 2021,0,0,0,0,0,3,0,0,0,0,0,0,0,0,9.03,0,0,0,0.0105,0,0,0,0,4,4,0,0,0,0
Sun May 16 2021,0,0,52.07,1630,59,6,3,16,0.36,790,77,17443,336,473,2.755,0,0,12,0.308,0,0,0,0,1,1,0,0,0,0
Mon May 17 2021,0,0,46.51,1494,49,4,1,2,0.16,391,59,15812,339,270,5.245,0,0,3.5,0.23800000000000002,0,0,0,0,2,2,0,0,0,0
Tue May 18 2021,0,0,0,0,0,0,0,0,0,6,0,0,0,2,9.775,0,0,0,0,0,0,0,0,4,4,0,0,0,0
Wed May 19 2021,0,0,67.04,1668,79,0,3,23,16.24,1005,103,22860,340,666,2.19,0,0,5.44,0.49700000000000005,0,0,0,0,1,1,0,0,0,0
Thu May 20 2021,0,0,0,0,0,5,0,9,0,0,0,0,0,0,0,0,0,0,0.042,0,0,0,0,0,0,0,0,0,0
Fri May 21 2021,0,0,0,3,1,0,0,0,0,0,0,0,0,0,2.425,0,0,0,0,0,0,0,0,1,1,0,0,0,0
Sat May 22 2021,0,0,0,29,3,0,0,0,0,4,0,0,0,2,5,0,0,0,0,0,0,0,0,2,2,0,0,0,0
Sun May 23 2021,0.5,5.03,47.35,1332,61,2,3,12,2.02,770,67,16952,358,515,0,0,9.57,12.54,0.4445,0,0,0,0,0,0,0,0,4,4
Mon May 24 2021,0,0,0,0,0,0,0,2,0,1,0,0,0,1,5.06,0,0,0,0.0034999999999999996,0,0,0,0,2,2,0,0,0,0
Tue May 25 2021,0,0,0,0,0,0,1,1,0,5,0,0,0,2,7.275,0,0,0,0.0034999999999999996,0,0,0,0,3,3,0,0,0,0
Wed May 26 2021,0,0,67.59,1401,66,1,1,17,18.96,827,186,23453,347,619,4.6,0,4.5,8.59,0.511,0,0,0,0,2,2,0,0,2,2
Thu May 27 2021,0,0,38.91,1445,50,0,1,4,0.23,547,58,14008,360,408,0,0,0,11.47,0,0,0,0,0,0,0,0,0,0,0
Fri May 28 2021,0,0,0,0,0,0,0,0,0,0,0,0,0,0,0,0,0,0,0,0,0,0,0,0,0,0,0,0,0